{"$schema":"http://schema.management.azure.com/schemas/2015-01-01/deploymentTemplate.json#","contentVersion":"1.0.0.0","parameters":{"workspaceName":{"type":"string","metadata":"Workspace name","defaultValue":"saanalyticssynapseworkspace"},"Target_Database_LinkedService":{"type":"string"},"Source_DataLake_Linked_Service":{"type":"string"}},"variables":{"workspaceId":"[concat('Microsoft.Synapse/workspaces/', parameters('workspaceName'))]"},"resources":[{"name":"[concat(parameters('workspaceName'), '/CDMUtil')]","type":"Microsoft.Synapse/workspaces/pipelines","apiVersion":"2019-06-01-preview","properties":{"description":"Use this template to reads Common Data Model (CDM) metadata generated by Dynamics 365 Finance and Operations Export to Datalake feature, convert and execute SQL DDL statements on the target endpoint. \n\nTarget endpoints and metadata types \n\nSynapse Serverless pool: OpenRowSet Views/External Tables and Views \nSynapse Dedicated pool: Tables and Views \nSQL Server: Tables and Views \n\nRead documentation for details: \nhttps://github.com/microsoft/Dynamics-365-FastTrack-Implementation-Assets/blob/master/Analytics/CDMUtilSolution/readme_cdmutilpipeline.md","activities":[{"name":"Target_WriteMetadata","description":"Switch to different target endpoints ( Synapse Serverless (Default), Synapse Dedicated pool (SynapseTable) or SQL endpoint = SQLTable)","type":"Switch","dependsOn":[{"activity":"SQLOrDedicatedPool","dependencyConditions":["Succeeded"]}],"userProperties":[],"typeProperties":{"on":{"value":"@pipeline().parameters.DDLType","type":"Expression"},"cases":[{"value":"SynapseTable","activities":[{"name":"CreateSynapseTable","description":"Synapse Dedicated pool endpoint","type":"Script","dependsOn":[],"policy":{"timeout":"0.01:00:00","retry":0,"retryIntervalInSeconds":30,"secureOutput":false,"secureInput":false},"userProperties":[],"linkedServiceName":{"referenceName":"[parameters('Target_Database_LinkedService')]","type":"LinkedServiceReference","parameters":{"DBServer":{"value":"@pipeline().parameters.DbServer","type":"Expression"},"DbName":{"value":"@pipeline().parameters.DbName","type":"Expression"}}},"typeProperties":{"scripts":[{"type":"NonQuery","text":{"value":"declare @environment nvarchar(100) = '@{pipeline().parameters.Environment}';\ndeclare @Storage nvarchar(1000) = '@{pipeline().parameters.StorageAccount}'\ndeclare @Container nvarchar(1000) = '@{pipeline().parameters.container}'\nDeclare @StorageDS nvarchar(300) = '@{pipeline().parameters.StorageAccount}@{replace(concat(pipeline().parameters.container,'/',pipeline().parameters.Environment), '//','/')}';\n\ndeclare @schema nvarchar(10) = '@{pipeline().parameters.Schema}';\ndeclare @fileFormat nvarchar(100);\ndeclare @ObjectTypes varchar(100) = '@{pipeline().parameters.ObjectTypes}'\ndeclare @TablesPredicate varchar(12) = (select value + '%'  from string_split(@ObjectTypes, ',') where value = 'Tables')\ndeclare @ChangeFeedPredicate varchar(12) = (select value + '%'  from string_split(@ObjectTypes, ',') where value = 'ChangeFeed')\ndeclare @EntitiesPredicate varchar(12) = (select value + '%'  from string_split(@ObjectTypes, ',') where value = 'Entities')\ndeclare @dateTimeFunct nvarchar(50) = 'SYSUTCDATETIME()';\n\nprint('--Metadata prep--');\n\t\n\tIF NOT EXISTS (SELECT * FROM sys.objects WHERE object_id = OBJECT_ID(N'[dbo].[_sqlmetadata]') AND type in (N'U'))\n\t\tCREATE TABLE [dbo]._sqlmetadata\n\t\t(\n\t\t\t[Environment] [varchar](1000) NULL,FilePath varchar(1000), [ObjectType] varchar(1000) null,\n\t\t\tEntityName varchar(400), DataPath VARCHAR(500), ViewDef varchar(max), ColumnList varchar(max), NameList varchar(max), DataTypeList varchar(max), \n\t\t\tDataLengthList varchar(max),KeyColumns varchar(1000)\n\t\t)\n\t\tWITH(HEAP);\n\n\tIF NOT EXISTS (SELECT * FROM sys.objects WHERE object_id = OBJECT_ID(N'[dbo].[_controltableforcopy]') AND type in (N'U'))\n\t\tCREATE TABLE [dbo].[_controltableforcopy]\n\t\t(\n\t\t\t[TableSchema] [varchar](20) NULL,\n\t\t\t[TableName] [varchar](255) NULL,\n\t\t\t[StorageAccount] varchar(1000) Null,\n\t\t\t[Container] varchar(1000) Null,\n\t\t\t[Environment] varchar(1000) Null,\n\t\t\t[DataPath] varchar(1000) Null,\n\t\t\t[DataLocation] [varchar](1000) NULL,\n\t\t\t[FileFormat]   [varchar](100) NULL,\n\t\t\t[LastCopyDateTime] [datetime2](7) NULL,\n\t\t\t[LastCopyMarker] [varchar](255) NULL,\n\t\t\t[LastCopyStatus] [int] NULL,\n\t\t\t[LastCopyDuration] [int] NULL,\n\t\t\t[Incremental] [int] DEFAULT 1,\n\t\t\t[RefreshInterval] [int] DEFAULT 60,\n\t\t\t[Active] int DEFAULT 1,\n\t\t\t[ColumnList] nvarchar(max) NULL,\n\t\t\t[NameList] nvarchar(max) NULL,\n\t\t\t[KeyColumns] nvarchar(max) NULL\n\t\t)\n\t\tWITH (HEAP)\n\n\tIF NOT EXISTS (SELECT * FROM sys.objects WHERE object_id = OBJECT_ID(N'[dbo].[_viewreplacement]') AND type in (N'U'))\n\t\tCREATE Table  [dbo].[_viewreplacement] \n\t\t(\n\t\t\tViewName varchar(100),\n\t\t\tS1 varchar(max),\n\t\t\tR1 varchar(max),\n\t\t\tS2 varchar(max),\n\t\t\tR2 varchar(max),\n\t\t\tS3 varchar(max),\n\t\t\tR3 varchar(max),\n\t\t\tS4 varchar(max),\n\t\t\tR4 varchar(max),\n\t\t\tS5 varchar(max),\n\t\t\tR5 varchar(max)\n\t\t)\n\t\tWITH(HEAP);\n\n\tIF NOT EXISTS (SELECT * FROM sys.objects WHERE object_id = OBJECT_ID(N'[dbo].[_dependency]') AND type in (N'U'))\n\t\tCreate Table _dependency \n\t\t(\n\t\t\tEntityName varchar(200) null,\n\t\t\tObjectType varchar(200) null ,\n\t\t\tColumnListP1 nvarchar(max) null,\n\t\t\tColumnListP2 nvarchar(max) null,\n\t\t\tNameList nvarchar(max),\n\t\t\tKeyColumns nvarchar(4000),\n\t\t\tDataPath nvarchar(4000),\n\t\t\tViewDef nvarchar(max),\n\t\t\tOrdinal int\n\t\t)\n\t\tWITH(HEAP)\n\n\tBEGIN TRY;\n\tCreate Table #dependency\n\t(\n\t\tjsonText nvarchar(max)\n\t) \t\n\tWITH(HEAP);\n\n\tCOPY INTO #dependency (jsonText)\n\t\tFROM '@{pipeline().parameters.StorageAccount}@{replace(concat(pipeline().parameters.container,'/',pipeline().parameters.Environment), '//','/')}/dependencies.json'\n\tWITH (\n\t\t\tFILE_TYPE = 'CSV'\n\t\t\t,fieldterminator ='0x0b'\n\t\t\t,fieldquote = '0x0b'\n\t\t\t,rowterminator = '0x0c'  \n\t\t\t,CREDENTIAL=(IDENTITY= 'Managed Identity')\n\t\t);\n\n\tDeclare @createDependency nvarchar(max) =\n\t'with _dependencies AS\n\t(\n\t\tSelect \n\t\tEntityName as ParentEntity,\n\t\tDependentTables as DependentTables,\n\t\tDependentObjects as DependentObjects,\n\t\tMemoFields\n\t\tfrom #dependency\n\t\tcross apply openjson (jsonText) \n\t\tWith (AXDBDependencies nvarchar(max) as JSON) \n\t\tcross apply openjson (AXDBDependencies) \n\t\twith \n\t\t(\n\t\t\t[EntityName] varchar(500),\n\t\t\t[DependentTables] nvarchar(max) as JSON,\n\t\t\t[DependentObjects] nvarchar(max) as JSON,\n\t\t\t[MemoFields] varchar(max) \n\t\t)\n\t)\n\tinsert into _dependency (EntityName, ObjectType,ColumnListP1, ColumnListP2, NameList,KeyColumns, DataPath, ViewDef,Ordinal)\n\tSELECT distinct \t\n\t\tObjectName as EntityName,\n\t\t''Entities'' as ObjectType,\n\t\t'''' as ColumnListP1,\n\t\t'''' as ColumnListP2,\n\t\t'''' as NameList,\n\t\t'''' as KeyColumns,\n\t\t'''' as DataPath,\n\t\treplace(replace(replace([definition] ,isNull(vr.S1, ''''), isNull(vr.R1,'''')), isnull(vr.S2, ''''), isnull(vr.R2,'''')),isnull(vr.S3, ''''), isnull(vr.R3, '''')) as ViewDef,\n\t\t0 as Ordinal\n\tfrom _dependencies\n\tCross apply openjson(DependentObjects)\n\tWITH \n\t(\n\t\tobjectName nvarchar(200),  \n\t\ttype NVARCHAR(50), \n\t\tdefinition nvarchar(max)\n\t)\n\tleft outer join _viewreplacement vr on vr.ViewName = objectName\n\twhere \n\ttype = ''view''\n\tand ParentEntity != ObjectName\n\tunion \n\tSelect \n\t\tTableName,\n\t\t''Tables''  as ObjectType,\n\t\tSTRING_AGG(convert(nvarchar(max), ''['' + COLUMN_NAME + ''] '' + case DATA_TYPE when ''nvarchar'' then ''nvarchar(100)'' when ''timestamp'' then ''varbinary(100)''  else DATA_TYPE end ), '','') as ColumnListP1,\n\t\tSTRING_AGG(convert(nvarchar(max), ''['' + COLUMN_NAME + ''] '' + case DATA_TYPE when ''nvarchar'' then ''nvarchar(100)'' when ''timestamp'' then ''varbinary(100)''  else DATA_TYPE end ), '','') as ColumnListP2,\n\t\tSTRING_AGG(convert(nvarchar(max), COLUMN_NAME), '','') as NameList,\n\t\tstring_agg(convert(nvarchar(max), case when [Key] is not null then COLUMN_NAME else null end), '','') WITHIN GROUP (ORDER BY [Key] ASC)  as KeyColumn,\n\t\t''Tables/*.csv'' as DataPath,\n\t\t'''' as ViewDef,\n\t\t-1 as Ordinal\n\tfrom \n\t(\n\t\tselect distinct TableName,Attributes\n\t\tFrom _dependencies\n\t\tcross apply OpenJson(DependentTables) with (TableName varchar(100), Attributes nvarchar(max) as Json)\n\t) T\n\tcross apply OPENJSON(T.Attributes)   with (COLUMN_NAME varchar(100), DATA_TYPE varchar(100), CHARACTER_MAXIMUM_LENGTH int, [KEY] int)\n\tgroup by TableName';\n\n\texecute sp_executesql  @createDependency;\n\tDROP TABLE #dependency\n\tend try\n\tbegin catch\n\t\tprint ('Warnig:missing depenendecies.json file')\n\tend catch\n\n\t-- copy data to _viewreplacement\n\n\tBEGIN TRY;\n\t\n\tCreate Table #ReplaceViewSyntax\n\t(\n\t\tjsonText nvarchar(max)\n\t) \t\n\tWITH(HEAP);\n\tCOPY INTO #ReplaceViewSyntax (jsonText)\n\t\tFROM '@{pipeline().parameters.StorageAccount}@{replace(concat(pipeline().parameters.container,'/',pipeline().parameters.Environment), '//','/')}/ReplaceViewSyntax.json'\n\tWITH (\n\t\t\tFILE_TYPE = 'CSV'\n\t\t\t,fieldterminator ='0x0b'\n\t\t\t,fieldquote = '0x0b'\n\t\t\t,rowterminator = '0x0c'  \n\t\t\t,CREDENTIAL=(IDENTITY= 'Managed Identity')\n\t\t);\n\t\n\tWITH  \n\tViewReplacementDefinition\n\tAS\n\t(\n\t\tSELECT   \n    \t\t\t ROW_NUMBER() OVER ( PARTITION BY  [ViewName] ORDER BY (SELECT NULL)) as [ReplacementIndex]\n\t\t\t\t ,[SearchText]\n\t\t\t\t ,[ReplacementText]\n\t\t\t\t ,[ViewName]\n\t\t\t\t from #ReplaceViewSyntax \t\t\t\n\t\t\t\tCROSS APPLY OPENJSON([jsonText])   \n\t\t\t\tWITH (    [SearchText] NVARCHAR(MAX) '$.Key'\n    \t\t\t\t\t, [ReplacementText] NVARCHAR(MAX) '$.Value' \n    \t\t\t\t\t, [ViewName] NVARCHAR(110) '$.ViewName' \n\t\t\t\t)\n\t)\n\n\tInsert Into  [dbo].[_viewreplacement] \n\tSELECT S.ViewName,\n\t\tisnull(S1, '') AS S1,\n\t\tisnull(R1, '') AS R1,\n\t\tisnull(S2, '') AS S2,\n\t\tisnull(R2, '') AS R2,\n\t\tisnull(S3, '') AS S3,\n\t\tisnull(R3, '') AS R3,\n\t\tisNull(S4, '') AS S4,\n\t\tisNull(R4, '') AS R4,\n\t\tisnull(S5, '') AS S5,\n\t\tisnull(R5, '') AS R5\n\tFROM (\n\t\tSELECT ViewName,\n\t\t\t[1] AS S1,\n\t\t\t[2] AS S2,\n\t\t\t[3] AS S3,\n\t\t\t[4] AS S4,\n\t\t\t[5] AS S5\n\t\tFROM (\n\t\t\tSELECT ViewName,\n\t\t\t\tSearchText,\n\t\t\t\t[ReplacementIndex]\n\t\t\tFROM ViewReplacementDefinition\n\t\t\t) p\n\t\tPIVOT(MIN([SearchText]) FOR [ReplacementIndex] IN (\n\t\t\t\t\t[1],\n\t\t\t\t\t[2],\n\t\t\t\t\t[3],\n\t\t\t\t\t[4],\n\t\t\t\t\t[5]\n\t\t\t\t\t)) AS ReplaceOldStringPivot\n\t\t) S\n\tJOIN (\n\t\tSELECT ViewName,\n\t\t\t[1] AS R1,\n\t\t\t[2] AS R2,\n\t\t\t[3] AS R3,\n\t\t\t[4] AS R4,\n\t\t\t[5] AS R5\n\t\tFROM (\n\t\t\tSELECT ViewName,\n\t\t\t\t[ReplacementText],\n\t\t\t\t[ReplacementIndex]\n\t\t\tFROM ViewReplacementDefinition\n\t\t\t) p\n\t\tPIVOT(MIN([ReplacementText]) FOR [ReplacementIndex] IN (\n\t\t\t\t\t[1],\n\t\t\t\t\t[2],\n\t\t\t\t\t[3],\n\t\t\t\t\t[4],\n\t\t\t\t\t[5]\n\t\t\t\t\t)) AS ReplaceNewStringPivot\n\t\t) R\n\t\tON S.ViewName = R.ViewName\n\twhere S.ViewName not in (select distinct viewName from [dbo].[_viewreplacement])\n\n\tDrop Table #ReplaceViewSyntax;\n\n\tEND TRY\n\tBEGIN CATCH\n\t\tprint('ReplaceViewSyntax.json error')\n\tEND CATCH;\n\nIF NOT EXISTS (SELECT * FROM sys.objects WHERE object_id = OBJECT_ID(N'[dbo].[_getcdmMetadata]') AND type in (N'IF'))\nexec('CREATE FUNCTION _getcdmMetadata\n(\n    @environment varchar(500),\n\t@entities varchar(max)\n)\nRETURNS TABLE\nAS\nRETURN \n  select distinct\n\t@environment as Environment,\n\tfinal.EntityName,\n\tfinal.ObjectType,\t\n\tfinal.ColumnListP1,\n\tfinal.ColumnListP2,\n\tfinal.DataPath,\n\tfinal.ViewDef\n\tfrom \n\t\t(\n\t\t\tselect \n\t\t\t\tx.EntityName,\n\t\t\t\tx.DataPath,\n\t\t\t\treplace(replace(replace(x.ViewDef ,isNull(vr.S1, ''''), isNull(vr.R1,'''')), isnull(vr.S2, ''''), isnull(vr.R2,'''')),isnull(vr.S3, ''''), isnull(vr.R3, '''')) as ViewDef,\n\t\t\t\tx.ObjectType,\n\t\t\t\tcase \n\t\t\t\t\twhen x.ObjectType = ''ChangeFeed'' and  x.ViewDef is not null then 0 \n\t\t\t\t\telse 1 \n\t\t\t\tend as IsValid,\n\t\t\t\tSTRING_AGG(CONVERT(NVARCHAR(max), + ''['' + name + ''] '' +  \n\t\t\t\tcase    \n\t\t\t\t\twhen x.dataType = ''nvarchar'' and x.maxLength < 0  then ''nvarchar(max)''   \n\t\t\t\t\twhen x.datatype = ''nvarchar'' then ''nvarchar('' + convert(nvarchar(10), x.maxLength) + '')''\n\t\t\t\t\twhen x.datatype = ''varbinary'' then ''varbinary('' + convert(nvarchar(10), x.maxLength) + '')''\n\t\t\t\t\twhen x.datatype = ''decimal'' then ''decimal(32,16)''  \n\t\t\t\t\telse x.datatype\n\t\t\t\tend) , '','') WITHIN GROUP (ORDER BY ordinal ASC) as ColumnListP1,\n\t\t\t\tSTRING_AGG(CONVERT(NVARCHAR(max), + ''['' + name + ''] '' +  \n\t\t\t\tcase    \n\t\t\t\t\twhen x.dataType = ''nvarchar''  then ''default ''''''''''   \n\t\t\t\t\twhen datatype = ''DateTime'' then ''default ''''1900-01-01''''''  \n\t\t\t\t    else ''''\n\t\t\t\tend) , '','') WITHIN GROUP (ORDER BY ordinal ASC) as ColumnListP2\n\t\t\tfrom \n\t\t\t( \n\t\t\t\tselect \n\t\t\t\t\tFilePath,\n\t\t\t\t\tEntityName,\n\t\t\t\t\tObjectType,\n\t\t\t\t\tDataPath,   \n\t\t\t\t\t(Select ISNULL(viewDefinition, viewDefinition1)\n\t\t\t\t\t\tFrom  OPENJSON(definitions, ''$[0].exhibitsTraits'') \n\t\t\t\t\t\tWITH (\n\t\t\t\t\t\ttraitReference NVARCHAR(100) ''$.traitReference'',\n\t\t\t\t\t\tviewDefinition nvarchar(max) ''$.arguments[0].value'',\n\t\t\t\t\t\tviewDefinition1 nvarchar(max) ''$.arguments[0]''\n\t\t\t\t\t\t)where traitReference = ''has.sqlViewDefinition'') as ViewDef,\n\t\t\t\t\tname,   \n\t\t\t\t\tcase      \n\t\t\t\t\t\twhen datatype =''guid'' then ''UNIQUEIDENTIFIER''  \n\t\t\t\t\t\twhen lower(name) =''_sysrowid'' then ''bigint''\n\t\t\t\t\t\twhen datatype = ''string'' and enum = ''is.constrainedList.wellKnown'' then ''int''\n\t\t\t\t\t\twhen datatype = ''string'' then ''nvarchar''\n\t\t\t\t\t\twhen datatype = ''int32'' then ''int''   \n\t\t\t\t\t\twhen datatype = ''int64'' then ''bigInt''    \n\t\t\t\t\t\twhen datatype = ''boolean'' then ''bit''   \n\t\t\t\t\t\twhen datatype = ''double'' then ''real'' \n\t\t\t\t\t\twhen datatype = ''Time'' then ''int''  \n\t\t\t\t\t\twhen datatype = ''Binary'' then ''varbinary''  \n\t\t\t\t\t\telse datatype \n\t\t\t\t\tend as dataType,    \n\t\t\t\t\tcase \n\t\t\t\t\t\twhen datatype = ''string'' and  maxLength > 4000 then -1\n\t\t\t\t\t\twhen datatype = ''string'' and lower(name) =''lsn'' then 60\n\t\t\t\t\t\twhen datatype = ''string'' and lower(name) = ''start_lsn'' then 60\n\t\t\t\t\t\twhen datatype = ''string'' and lower(name) = ''seq_val'' then 60\n\t\t\t\t\t\twhen datatype = ''string'' and lower(name) = ''dml_action'' then 15\n\t\t\t\t\t\twhen datatype = ''string'' and lower(name) = ''update_mask'' then 200\n\t\t\t\t\t\twhen datatype = ''string'' and lower(name) = ''createdby'' then 20\n\t\t\t\t\t\twhen datatype = ''string'' and lower(name) = ''modifiedby'' then 20\n\t\t\t\t\t\twhen datatype = ''string''  and maxLength is null then 1000\n\t\t\t\t\t\twhen datatype = ''Binary''  and maxLength is null then 100\n\t\t\t\t\t\twhen datatype = ''string''  then maxLength \n\t\t\t\t\tend as maxLength,\n\t\t\t\t\tenum,\n\t\t\t\t\t0 as ordinal\n\t\t\t\tfrom _cdmmetadata \n\t\t\t\tcross apply OPENJSON(definitions, ''$[0].hasAttributes'')  \n\t\t\t\t\tWITH (name nvarchar(200),  datatype NVARCHAR(50) ''$.dataFormat'' , maxLength int ''$.maximumLength'' \n\t\t\t\t\t,scale int ''$.traits[0].arguments[1].value'', enum nvarchar(max) ''$.appliedTraits[3].traitReference'')\n\t\t\t\t\twhere environment =   @environment\n\t\t) x\n\t\tleft outer join _viewreplacement vr on vr.ViewName = x.EntityName\n\t\tgroup by x.EntityName,x.objectType, x.DataPath,x.ViewDef, x.FilePath, S1, R1, S2, R2, S3, R3\n\t) final\n\twhere final.IsValid = 1 \n\tand (@entities = ''*'' OR EntityName in (select value from string_split(@entities, '','')));')\n\n\t\t\n\tupdate _cdmmetadata\n\tset EntityName = case when FilePath like '%ChangeFeed/%' then '_cdc_' + EntityName else  EntityName end ,\n\tDataPath = replace(replace(replace([FilePath], '/resolved/', '/'), '.cdm.json', ''), '-resolved', '') + '/*.csv',\n\tResolved = case when FilePath  like '%resolved%' then 1 else 0 end,\n\tObjectType = SUBSTRING (FilePath,0,CHARINDEX('/',FilePath)) \n\twhere  Environment = @environment\n\n\tdelete from _cdmmetadata\n\twhere FilePath not in (\n\tselect x.[FilePath]\n\tfrom _cdmmetadata x\n\tinner join \n\t(\n\t\tselect max (resolved) as resolved ,  DataPath\n\t\tfrom _cdmmetadata \n\t\tgroup by DataPath\n\t) y\n\ton x.resolved = y.resolved and x.dataPath = y.datapath\n\twhere [definitions] is not null)\n\t\n\tdelete from [dbo]._sqlmetadata where Environment = @environment; \n\n\tinsert into [dbo]._sqlmetadata (Environment, EntityName, ObjectType, ColumnList, NameList, DataPath, ViewDef)\n\tselect * from _getcdmMetadata(@environment, '*')\n\t\n\tinsert into [dbo]._sqlmetadata (Environment, EntityName, ObjectType, ColumnList, ViewDef)\n\tSELECT \t\n\t\t@environment,\n\t\tEntityName,\n\t\tObjectType,\n\t\tColumnListP1,\n\t\tViewDef\n\tfrom _dependency \n\twhere EntityName is not null\n\tand EntityName not in (select EntityName from _sqlmetadata where Environment = @environment );\n\n\tupdate T\n\tset T.KeyColumns = D.KeyColumns\n\tfrom [dbo]._sqlmetadata as T\n\tinner join _dependency D on T.ObjectType = D.ObjectType and T.EntityName = D.EntityName\n\twhere T.ObjectType = 'Tables' and T.Environment =  @environment;\n\nINSERT INTO [dbo].[_controltableforcopy](TableSchema,TableName, StorageAccount, Container, Environment , DataPath, DataLocation,FileFormat, ColumnList,NameList,KeyColumns)\n\tSELECT distinct @schema, EntityName, @Storage, @Container, @Environment, dataPath, @StorageDS + '/' + dataPath, 'CSV', ColumnList, NameList, KeyColumns\n\tFROM _sqlmetadata\n\twhere DataPath like @TablesPredicate\n\tand Environment = @Environment\n\tand DataPath is not null\n\tand NOT EXISTS (SELECT DISTINCT TableName FROM [dbo].[_ControlTableForCopy] WHERE TableSchema = @schema and TableName = EntityName)\n\nDeclare @CreateTableDDLTemplate nvarchar(max) = 'If (OBJECT_ID(''{0}.{1}'') is  NULL) create TABLE {0}.{1} ({2}) WITH (DISTRIBUTION = HASH(RecId))'\n\n\ndeclare @ddl nvarchar(max);\n\nset @ddl= (\n\tselect \n\tstring_agg(convert(nvarchar(max), objectDDL ), ';') WITHIN GROUP (ORDER BY ObjectType DESC)\n\tfrom (\n\t\tselect \n\t\t\tObjectType,\n\t\t\tCase \n\t\t\t\twhen ObjectType = 'Entities' then \n\t\t\t\t\t'If (OBJECT_ID(''dbo.'+ EntityName + ''') is  NULL) ' + 'begin try execute sp_executesql N''' +\t\n\t\t\t\t\treplace(replace(replace(replace(replace(replace(replace(ViewDef\n\t\t\t\t\t\t\t\t\t\t, '[dbo].GetValidFromInContextInfo()', @dateTimeFunct)\n\t\t\t\t\t\t\t\t\t\t, '[dbo].GetValidToInContextInfo()', @dateTimeFunct)\n\t\t\t\t\t\t\t\t\t\t, 'dbo.GetValidFromInContextInfo()', @dateTimeFunct)\n\t\t\t\t\t\t\t\t\t\t, 'dbo.GetValidToInContextInfo()', @dateTimeFunct)\n\t\t\t\t\t\t\t\t\t\t, 'GetValidFromInContextInfo()', @dateTimeFunct)\n\t\t\t\t\t\t\t\t\t\t, 'GetValidToInContextInfo()', @dateTimeFunct)\n\t\t\t\t\t\t\t\t\t\t, '''', '''''')\n\t\t\t\t\t+ '''' + ' End Try Begin catch print ERROR_PROCEDURE() + '':'' print ERROR_MESSAGE() end catch'\n\t\t\t\tWhen (ObjectType = 'Tables' or ObjectType = 'ChangeFeed') then \n\t\t\t\t\t'begin try; execute sp_executesql N''' +\n\t\t\t\t\treplace(\n\t\t\t\t\treplace(replace(replace(@CreateTableDDLTemplate, '{0}', @schema), \n\t\t\t\t\t\t\t\t'{1}', EntityName), \n\t\t\t\t\t\t\t\t'{2}', ColumnList),\n\t\t\t\t\t\t\t\t\n\t\t\t\t\t'''', '''''')\n\t\t\t\t\t+ '''' + ' End Try Begin catch print ERROR_PROCEDURE() + '':'' print ERROR_MESSAGE() end catch'\n\t\tEND as ObjectDDL\n\t\tfrom _sqlmetadata\n\t\twhere ObjectType in (select value from string_split(@ObjectTypes, ','))\n\t) ddl\n)\nbegin try \n--select @ddl\nexecute sp_executesql @ddl\nend try\nbegin catch\n   SELECT  \n            @ddl  as DDL\n\t\t\t,ERROR_NUMBER() AS ErrorNumber  \n            ,ERROR_SEVERITY() AS ErrorSeverity  \n            ,ERROR_STATE() AS ErrorState  \n            ,ERROR_PROCEDURE() AS ErrorProcedure  \n            ,ERROR_MESSAGE() AS ErrorMessage;  \nend catch\n\ndeclare @CreateIndexDDL nvarchar(max)= \n(\n\tselect \n\tstring_agg(convert(nvarchar(max),DDL), ';') \n\tfrom \n\t(\n\t\tSelect \n\t\treplace(replace(replace('if not exists (select * from sys.indexes  where object_id=object_id(''{1}'') and name=''{2}'') create index {2} on {1} ({3})'\n\t\t\t\t\t,'{1}', C.TableName)\n\t\t\t\t\t,'{2}', C.TableName + '_NK_IDX')\n\t\t\t\t\t,'{3}', K.KeyColumns) as DDL\n\t\tFrom _ControlTableForCopy C\n\t\tjoin INFORMATION_SCHEMA.TABLES  T \n\t\ton C.TableSchema = T.TABLE_SCHEMA and C.TableName = T.TABLE_NAME and T.TABLE_TYPE = 'BASE TABLE'\n\t\tJoin _sqlmetadata as K\n\t\ton T.TABLE_NAME = K.EntityName and C.Environment = K.Environment and K.KeyColumns != 'RECID'\n\t) X\n\t);\n--select @CreateIndexDDL\nexecute sp_executesql @CreateIndexDDL;\n","type":"Expression"}}],"logSettings":{"logDestination":"ActivityOutput"}}}]},{"value":"SQLTable","activities":[{"name":"CreateSQLTable","description":"SQL Server endpoint","type":"Script","dependsOn":[],"policy":{"timeout":"7.00:00:00","retry":0,"retryIntervalInSeconds":30,"secureOutput":false,"secureInput":false},"userProperties":[],"linkedServiceName":{"referenceName":"[parameters('Target_Database_LinkedService')]","type":"LinkedServiceReference","parameters":{"DBServer":{"value":"@pipeline().parameters.DbServer","type":"Expression"},"DbName":{"value":"@pipeline().parameters.DbName","type":"Expression"}}},"typeProperties":{"scripts":[{"type":"NonQuery","text":{"value":"declare @environment nvarchar(100) = '@{pipeline().parameters.Environment}';\nDeclare @StorageDS nvarchar(300) = '@{replace(pipeline().parameters.StorageAccount,'.dfs.', '.blob.')}@{replace(concat(pipeline().parameters.container,'/',pipeline().parameters.Environment), '//','/')}';\n\nprint('--Metadata prep--');\nDeclare @CreateCredentials nvarchar(max) =  replace(replace(\n\t'\n\tIF NOT EXISTS(select * from sys.database_credentials where name = ''{environment}'')\n\t\tCREATE DATABASE SCOPED CREDENTIAL [{environment}] WITH IDENTITY=''Managed Identity''\n\t\n\tIF NOT EXISTS(select * from sys.external_data_sources where name = ''{environment}'')\n        CREATE EXTERNAL DATA SOURCE [{environment}] WITH (TYPE = BLOB_STORAGE,\n            LOCATION = ''{StorageDS}'',\n            CREDENTIAL = [{environment}])\n\t',\n\t'{environment}', @environment),\n\t'{StorageDS}', @StorageDS)\n\t;\nexecute sp_executesql  @CreateCredentials;\n\nIF NOT EXISTS (SELECT * FROM sys.objects WHERE object_id = OBJECT_ID(N'[dbo].[_sqlmetadata]') AND type in (N'U'))\n\t\tCREATE TABLE [dbo]._sqlmetadata\n\t\t(\n\t\t\t[Environment] [varchar](1000) NULL,FilePath varchar(1000), [ObjectType] varchar(1000) null,\n\t\t\tEntityName varchar(400), DataPath VARCHAR(500), ViewDef varchar(max), ColumnList varchar(max), NameList varchar(max), DataTypeList varchar(max), \n\t\t\tDataLengthList varchar(max),KeyColumns varchar(1000)\n\t\t)\n\n\tIF NOT EXISTS (SELECT * FROM sys.objects WHERE object_id = OBJECT_ID(N'[dbo].[_controltableforcopy]') AND type in (N'U'))\n\t\tCREATE TABLE [dbo].[_controltableforcopy]\n\t\t(\n\t\t\t[TableSchema] [varchar](20) NULL,\n\t\t\t[TableName] [varchar](255) NULL,\n\t\t\t[StorageAccount] varchar(1000) Null,\n\t\t\t[Container] varchar(1000) Null,\n\t\t\t[Environment] varchar(1000) Null,\n\t\t\t[DataPath] varchar(1000) Null,\n\t\t\t[DataLocation] [varchar](1000) NULL,\n\t\t\t[FileFormat]   [varchar](100) NULL,\n\t\t\t[LastCopyDateTime] [datetime2](7) NULL,\n\t\t\t[LastCopyMarker] [varchar](255) NULL,\n\t\t\t[LastCopyStatus] [int] NULL,\n\t\t\t[LastCopyDuration] [int] NULL,\n\t\t\t[Incremental] [int] DEFAULT 1,\n\t\t\t[RefreshInterval] [int] DEFAULT 60,\n\t\t\t[Active] int DEFAULT 1,\n\t\t\t[ColumnList] nvarchar(max) NULL,\n\t\t\t[NameList] nvarchar(max) NULL,\n\t\t\t[KeyColumns] nvarchar(max) NULL\n\t\t)\n\n\tIF NOT EXISTS (SELECT * FROM sys.objects WHERE object_id = OBJECT_ID(N'[dbo].[_viewreplacement]') AND type in (N'U'))\n\t\tCREATE Table  [dbo].[_viewreplacement] \n\t\t(\n\t\t\tViewName varchar(100),\n\t\t\tS1 varchar(max),\n\t\t\tR1 varchar(max),\n\t\t\tS2 varchar(max),\n\t\t\tR2 varchar(max),\n\t\t\tS3 varchar(max),\n\t\t\tR3 varchar(max),\n\t\t\tS4 varchar(max),\n\t\t\tR4 varchar(max),\n\t\t\tS5 varchar(max),\n\t\t\tR5 varchar(max)\n\t\t)\n\n\tIF NOT EXISTS (SELECT * FROM sys.objects WHERE object_id = OBJECT_ID(N'[dbo].[_dependency]') AND type in (N'U'))\n\t\tCreate Table _dependency \n\t\t(\n\t\t\tEntityName varchar(200) null,\n\t\t\tObjectType varchar(200) null ,\n\t\t\tColumnListP1 nvarchar(max) null,\n\t\t\tColumnListP2 nvarchar(max) null,\n\t\t\tNameList nvarchar(max),\n\t\t\tKeyColumns nvarchar(4000),\n\t\t\tDataPath nvarchar(4000),\n\t\t\tViewDef nvarchar(max),\n\t\t\tOrdinal int\n\t\t)\n","type":"Expression"}},{"type":"Query","text":{"value":"declare @environment nvarchar(100) = '@{pipeline().parameters.Environment}';\nDeclare @entity nvarchar(200);\nDeclare @location nvarchar(1000);\nDeclare @Storage nvarchar(1000) = '@{pipeline().parameters.StorageAccount}'\ndeclare @Container nvarchar(1000) = '@{pipeline().parameters.container}'\nDeclare @StorageDS nvarchar(300) = '@{pipeline().parameters.StorageAccount}@{replace(concat(pipeline().parameters.container,'/',pipeline().parameters.Environment), '//','/')}';\n\ndeclare @schema nvarchar(10) = '@{pipeline().parameters.Schema}';\ndeclare @fileFormat nvarchar(100);\ndeclare @ObjectTypes varchar(100) = '@{pipeline().parameters.ObjectTypes}'\ndeclare @TablesPredicate varchar(12) = (select value + '%'  from string_split(@ObjectTypes, ',') where value = 'Tables')\ndeclare @ChangeFeedPredicate varchar(12) = (select value + '%'  from string_split(@ObjectTypes, ',') where value = 'ChangeFeed')\ndeclare @EntitiesPredicate varchar(12) = (select value + '%'  from string_split(@ObjectTypes, ',') where value = 'Entities')\ndeclare @dateTimeFunct nvarchar(50) = 'SYSUTCDATETIME()';\n\nprint('--Metadata prep--');\ndeclare @entities nvarchar(max); \n\n\tBEGIN TRY;\n\tCreate Table __dependency\n\t(\n\t\tjsonText nvarchar(max)\n\t) \t\n\n\tInsert INTO __dependency (jsonText)\n\tSELECT * FROM OPENROWSET(BULK 'dependencies.json',   \n\t\t\t\t\t\t\t DATA_SOURCE = '@{pipeline().parameters.Environment}',\n\t\t\t\t\t\t\t SINGLE_CLOB\n\t\t\t\t\t\t\t ) AS DATA;\n\n\tDeclare @createDependency nvarchar(max) =\n\t'with _dependencies AS\n\t(\n\t\tSelect \n\t\tEntityName as ParentEntity,\n\t\tDependentTables as DependentTables,\n\t\tDependentObjects as DependentObjects,\n\t\tMemoFields\n\t\tfrom __dependency\n\t\tcross apply openjson (jsonText) \n\t\tWith (AXDBDependencies nvarchar(max) as JSON) \n\t\tcross apply openjson (AXDBDependencies) \n\t\twith \n\t\t(\n\t\t\t[EntityName] varchar(500),\n\t\t\t[DependentTables] nvarchar(max) as JSON,\n\t\t\t[DependentObjects] nvarchar(max) as JSON,\n\t\t\t[MemoFields] varchar(max) \n\t\t)\n\t)\n\tinsert into _dependency (EntityName, ObjectType,ColumnListP1, ColumnListP2, NameList,KeyColumns, DataPath, ViewDef,Ordinal)\n\tSELECT distinct \t\n\t\tObjectName as EntityName,\n\t\t''Entities'' as ObjectType,\n\t\t'''' as ColumnListP1,\n\t\t'''' as ColumnListP2,\n\t\t'''' as NameList,\n\t\t'''' as KeyColumns,\n\t\t'''' as DataPath,\n\t\treplace(replace(replace([definition] ,isNull(vr.S1, ''''), isNull(vr.R1,'''')), isnull(vr.S2, ''''), isnull(vr.R2,'''')),isnull(vr.S3, ''''), isnull(vr.R3, '''')) as ViewDef,\n\t\t0 as Ordinal\n\tfrom _dependencies\n\tCross apply openjson(DependentObjects)\n\tWITH \n\t(\n\t\tobjectName nvarchar(200),  \n\t\ttype NVARCHAR(50), \n\t\tdefinition nvarchar(max)\n\t)\n\tleft outer join _viewreplacement vr on vr.ViewName = objectName\n\twhere \n\ttype = ''view''\n\tand ParentEntity != ObjectName\n\tunion \n\tSelect \n\t\tTableName,\n\t\t''Tables''  as ObjectType,\n\t\tSTRING_AGG(convert(nvarchar(max), ''['' + COLUMN_NAME + ''] '' + case DATA_TYPE when ''nvarchar'' then ''nvarchar(100)'' when ''timestamp'' then ''varbinary(100)''  else DATA_TYPE end ), '','') as ColumnListP1,\n\t\tSTRING_AGG(convert(nvarchar(max), ''['' + COLUMN_NAME + ''] '' + case DATA_TYPE when ''nvarchar'' then ''nvarchar(100)'' when ''timestamp'' then ''varbinary(100)''  else DATA_TYPE end ), '','') as ColumnListP2,\n\t\tSTRING_AGG(convert(nvarchar(max), COLUMN_NAME), '','') as NameList,\n\t\tstring_agg(convert(nvarchar(max), case when [Key] is not null then COLUMN_NAME else null end), '','') WITHIN GROUP (ORDER BY [Key] ASC)  as KeyColumn,\n\t\t''Tables/*.csv'' as DataPath,\n\t\t'''' as ViewDef,\n\t\t-1 as Ordinal\n\tfrom \n\t(\n\t\tselect distinct TableName,Attributes\n\t\tFrom _dependencies\n\t\tcross apply OpenJson(DependentTables) with (TableName varchar(100), Attributes nvarchar(max) as Json)\n\t) T\n\tcross apply OPENJSON(T.Attributes)   with (COLUMN_NAME varchar(100), DATA_TYPE varchar(100), CHARACTER_MAXIMUM_LENGTH int, [KEY] int)\n\tgroup by TableName';\n\n\texecute sp_executesql  @createDependency;\n\tDROP TABLE __dependency\n\tend try\n\tbegin catch\n\t\tprint ('Warnig:missing depenendecies.json file')\n\tend catch\n\n\t-- copy data to _viewreplacement\n\n\tBEGIN TRY;\n\t\n\tCreate Table __ReplaceViewSyntax\n\t(\n\t\tjsonText nvarchar(max)\n\t) \t\n\t--WITH(HEAP);\n\tInsert INTO __ReplaceViewSyntax (jsonText)\n\tSELECT * FROM OPENROWSET(BULK 'ReplaceViewSyntax.json',   \n\t\t\t\t\t\t\t DATA_SOURCE = '@{pipeline().parameters.Environment}',\n\t\t\t\t\t\t\t SINGLE_CLOB\n\t\t\t\t\t\t\t ) AS DATA;\n\tWITH  \n\tViewReplacementDefinition\n\tAS\n\t(\n\t\tSELECT   \n    \t\t\t ROW_NUMBER() OVER ( PARTITION BY  [ViewName] ORDER BY (SELECT NULL)) as [ReplacementIndex]\n\t\t\t\t ,[SearchText]\n\t\t\t\t ,[ReplacementText]\n\t\t\t\t ,[ViewName]\n\t\t\t\t from __ReplaceViewSyntax \t\t\t\n\t\t\t\tCROSS APPLY OPENJSON([jsonText])   \n\t\t\t\tWITH (    [SearchText] NVARCHAR(MAX) '$.Key'\n    \t\t\t\t\t, [ReplacementText] NVARCHAR(MAX) '$.Value' \n    \t\t\t\t\t, [ViewName] NVARCHAR(110) '$.ViewName' \n\t\t\t\t)\n\t)\n\n\tInsert Into  [dbo].[_viewreplacement] \n\tSELECT S.ViewName,\n\t\tisnull(S1, '') AS S1,\n\t\tisnull(R1, '') AS R1,\n\t\tisnull(S2, '') AS S2,\n\t\tisnull(R2, '') AS R2,\n\t\tisnull(S3, '') AS S3,\n\t\tisnull(R3, '') AS R3,\n\t\tisNull(S4, '') AS S4,\n\t\tisNull(R4, '') AS R4,\n\t\tisnull(S5, '') AS S5,\n\t\tisnull(R5, '') AS R5\n\tFROM (\n\t\tSELECT ViewName,\n\t\t\t[1] AS S1,\n\t\t\t[2] AS S2,\n\t\t\t[3] AS S3,\n\t\t\t[4] AS S4,\n\t\t\t[5] AS S5\n\t\tFROM (\n\t\t\tSELECT ViewName,\n\t\t\t\tSearchText,\n\t\t\t\t[ReplacementIndex]\n\t\t\tFROM ViewReplacementDefinition\n\t\t\t) p\n\t\tPIVOT(MIN([SearchText]) FOR [ReplacementIndex] IN (\n\t\t\t\t\t[1],\n\t\t\t\t\t[2],\n\t\t\t\t\t[3],\n\t\t\t\t\t[4],\n\t\t\t\t\t[5]\n\t\t\t\t\t)) AS ReplaceOldStringPivot\n\t\t) S\n\tJOIN (\n\t\tSELECT ViewName,\n\t\t\t[1] AS R1,\n\t\t\t[2] AS R2,\n\t\t\t[3] AS R3,\n\t\t\t[4] AS R4,\n\t\t\t[5] AS R5\n\t\tFROM (\n\t\t\tSELECT ViewName,\n\t\t\t\t[ReplacementText],\n\t\t\t\t[ReplacementIndex]\n\t\t\tFROM ViewReplacementDefinition\n\t\t\t) p\n\t\tPIVOT(MIN([ReplacementText]) FOR [ReplacementIndex] IN (\n\t\t\t\t\t[1],\n\t\t\t\t\t[2],\n\t\t\t\t\t[3],\n\t\t\t\t\t[4],\n\t\t\t\t\t[5]\n\t\t\t\t\t)) AS ReplaceNewStringPivot\n\t\t) R\n\t\tON S.ViewName = R.ViewName\n\twhere S.ViewName not in (select distinct viewName from [dbo].[_viewreplacement])\n\n\tDrop Table __ReplaceViewSyntax;\n\n\tEND TRY\n\tBEGIN CATCH\n\t\tprint('ReplaceViewSyntax.json error')\n\tEND CATCH;\n\nIF NOT EXISTS (SELECT * FROM sys.objects WHERE object_id = OBJECT_ID(N'[dbo].[_getcdmMetadata]') AND type in (N'IF'))\nexec('CREATE FUNCTION _getcdmMetadata\n(\n    @environment varchar(500),\n\t@entities varchar(max)\n)\nRETURNS TABLE\nAS\nRETURN \n  select distinct\n\t@environment as Environment,\n\tfinal.EntityName,\n\tfinal.ObjectType,\t\n\tfinal.ColumnListP1,\n\tfinal.ColumnListP2,\n\tfinal.DataPath,\n\tfinal.ViewDef\n\tfrom \n\t\t(\n\t\t\tselect \n\t\t\t\tx.EntityName,\n\t\t\t\tx.DataPath,\n\t\t\t\treplace(replace(replace(x.ViewDef ,isNull(vr.S1, ''''), isNull(vr.R1,'''')), isnull(vr.S2, ''''), isnull(vr.R2,'''')),isnull(vr.S3, ''''), isnull(vr.R3, '''')) as ViewDef,\n\t\t\t\tx.ObjectType,\n\t\t\t\tcase \n\t\t\t\t\twhen x.ObjectType = ''ChangeFeed'' and  x.ViewDef is not null then 0 \n\t\t\t\t\telse 1 \n\t\t\t\tend as IsValid,\n\t\t\t\tSTRING_AGG(CONVERT(NVARCHAR(max), + ''['' + name + ''] '' +  \n\t\t\t\tcase    \n\t\t\t\t\twhen x.dataType = ''nvarchar'' and x.maxLength < 0  then ''nvarchar(max)''   \n\t\t\t\t\twhen x.datatype = ''nvarchar'' then ''nvarchar('' + convert(nvarchar(10), x.maxLength) + '')''\n\t\t\t\t\twhen x.datatype = ''varbinary'' then ''varbinary('' + convert(nvarchar(10), x.maxLength) + '')''\n\t\t\t\t\twhen x.datatype = ''decimal'' then ''decimal(32,16)''  \n\t\t\t\t\telse x.datatype\n\t\t\t\tend) , '','') WITHIN GROUP (ORDER BY ordinal ASC) as ColumnListP1,\n\t\t\t\tSTRING_AGG(CONVERT(NVARCHAR(max), + ''['' + name + ''] '' +  \n\t\t\t\tcase    \n\t\t\t\t\twhen x.dataType = ''nvarchar''  then ''default ''''''''''   \n\t\t\t\t\twhen datatype = ''DateTime'' then ''default ''''1900-01-01''''''  \n\t\t\t\t    else ''''\n\t\t\t\tend) , '','') WITHIN GROUP (ORDER BY ordinal ASC) as ColumnListP2\n\t\t\tfrom \n\t\t\t( \n\t\t\t\tselect \n\t\t\t\t\tFilePath,\n\t\t\t\t\tEntityName,\n\t\t\t\t\tObjectType,\n\t\t\t\t\tDataPath,   \n\t\t\t\t\t(Select ISNULL(viewDefinition, viewDefinition1)\n\t\t\t\t\t\tFrom  OPENJSON(definitions, ''$[0].exhibitsTraits'') \n\t\t\t\t\t\tWITH (\n\t\t\t\t\t\ttraitReference NVARCHAR(100) ''$.traitReference'',\n\t\t\t\t\t\tviewDefinition nvarchar(max) ''$.arguments[0].value'',\n\t\t\t\t\t\tviewDefinition1 nvarchar(max) ''$.arguments[0]''\n\t\t\t\t\t\t)where traitReference = ''has.sqlViewDefinition'') as ViewDef,\n\t\t\t\t\tname,   \n\t\t\t\t\tcase      \n\t\t\t\t\t\twhen datatype =''guid'' then ''UNIQUEIDENTIFIER''  \n\t\t\t\t\t\twhen lower(name) =''_sysrowid'' then ''bigint''\n\t\t\t\t\t\twhen datatype = ''string'' and enum = ''is.constrainedList.wellKnown'' then ''int''\n\t\t\t\t\t\twhen datatype = ''string'' then ''nvarchar''\n\t\t\t\t\t\twhen datatype = ''int32'' then ''int''   \n\t\t\t\t\t\twhen datatype = ''int64'' then ''bigInt''    \n\t\t\t\t\t\twhen datatype = ''boolean'' then ''bit''   \n\t\t\t\t\t\twhen datatype = ''double'' then ''real'' \n\t\t\t\t\t\twhen datatype = ''Time'' then ''int''  \n\t\t\t\t\t\twhen datatype = ''Binary'' then ''varbinary''  \n\t\t\t\t\t\telse datatype \n\t\t\t\t\tend as dataType,    \n\t\t\t\t\tcase \n\t\t\t\t\t\twhen datatype = ''string'' and  maxLength > 4000 then -1\n\t\t\t\t\t\twhen datatype = ''string'' and lower(name) =''lsn'' then 60\n\t\t\t\t\t\twhen datatype = ''string'' and lower(name) = ''start_lsn'' then 60\n\t\t\t\t\t\twhen datatype = ''string'' and lower(name) = ''seq_val'' then 60\n\t\t\t\t\t\twhen datatype = ''string'' and lower(name) = ''dml_action'' then 15\n\t\t\t\t\t\twhen datatype = ''string'' and lower(name) = ''update_mask'' then 200\n\t\t\t\t\t\twhen datatype = ''string'' and lower(name) = ''createdby'' then 20\n\t\t\t\t\t\twhen datatype = ''string'' and lower(name) = ''modifiedby'' then 20\n\t\t\t\t\t\twhen datatype = ''string''  and maxLength is null then 1000\n\t\t\t\t\t\twhen datatype = ''Binary''  and maxLength is null then 100\n\t\t\t\t\t\twhen datatype = ''string''  then maxLength \n\t\t\t\t\tend as maxLength,\n\t\t\t\t\tenum,\n\t\t\t\t\t0 as ordinal\n\t\t\t\tfrom _cdmmetadata \n\t\t\t\tcross apply OPENJSON(definitions, ''$[0].hasAttributes'')  \n\t\t\t\t\tWITH (name nvarchar(200),  datatype NVARCHAR(50) ''$.dataFormat'' , maxLength int ''$.maximumLength'' \n\t\t\t\t\t,scale int ''$.traits[0].arguments[1].value'', enum nvarchar(max) ''$.appliedTraits[3].traitReference'')\n\t\t\t\t\twhere environment =   @environment\n\t\t) x\n\t\tleft outer join _viewreplacement vr on vr.ViewName = x.EntityName\n\t\tgroup by x.EntityName,x.objectType, x.DataPath,x.ViewDef, x.FilePath, S1, R1, S2, R2, S3, R3\n\t) final\n\twhere final.IsValid = 1 \n\tand (@entities = ''*'' OR EntityName in (select value from string_split(@entities, '','')));')\n\n\t\t\n\tupdate _cdmmetadata\n\tset EntityName = case when FilePath like '%ChangeFeed/%' then '_cdc_' + EntityName else  EntityName end ,\n\tDataPath = replace(replace(replace([FilePath], '/resolved/', '/'), '.cdm.json', ''), '-resolved', '') + '/*.csv',\n\tResolved = case when FilePath  like '%resolved%' then 1 else 0 end,\n\tObjectType = SUBSTRING (FilePath,0,CHARINDEX('/',FilePath)) \n\twhere  Environment = @environment\n\n\tdelete from _cdmmetadata\n\twhere FilePath not in (\n\tselect x.[FilePath]\n\tfrom _cdmmetadata x\n\tinner join \n\t(\n\t\tselect max (resolved) as resolved ,  DataPath\n\t\tfrom _cdmmetadata \n\t\tgroup by DataPath\n\t) y\n\ton x.resolved = y.resolved and x.dataPath = y.datapath\n\twhere [definitions] is not null)\n\t\n\tdelete from [dbo]._sqlmetadata where Environment = @environment; \n\n\tinsert into [dbo]._sqlmetadata (Environment, EntityName, ObjectType, ColumnList, NameList, DataPath, ViewDef)\n\tselect * from _getcdmMetadata(@environment, '*')\n\t\n\tinsert into [dbo]._sqlmetadata (Environment, EntityName, ObjectType, ColumnList, ViewDef)\n\tSELECT \t\n\t\t@environment,\n\t\tEntityName,\n\t\tObjectType,\n\t\tColumnListP1,\n\t\tViewDef\n\tfrom _dependency \n\twhere EntityName is not null\n\tand EntityName not in (select EntityName from _sqlmetadata where Environment = @environment );\n\n\tupdate T\n\tset T.KeyColumns = D.KeyColumns\n\tfrom [dbo]._sqlmetadata as T\n\tinner join _dependency D on T.ObjectType = D.ObjectType and T.EntityName = D.EntityName\n\twhere T.ObjectType = 'Tables' and T.Environment =  @environment;\n\nINSERT INTO [dbo].[_controltableforcopy](TableSchema,TableName, StorageAccount, Container, Environment , DataPath, DataLocation,FileFormat, ColumnList,NameList,KeyColumns)\n\tSELECT distinct @schema, EntityName, @Storage, @Container, @Environment, dataPath, @StorageDS + '/' + dataPath, 'CSV', ColumnList, NameList, KeyColumns\n\tFROM _sqlmetadata\n\twhere DataPath like @TablesPredicate\n\tand Environment = @Environment\n\tand DataPath is not null\n\tand NOT EXISTS (SELECT DISTINCT TableName FROM [dbo].[_ControlTableForCopy] WHERE TableSchema = @schema and TableName = EntityName)\n\ndeclare @CreateTableDDLTemplate nvarchar(max) = 'If (OBJECT_ID(''{0}.{1}'') is  NULL) CREATE Table {0}.{1} ({2},CONSTRAINT PK_{1}_RecIdx PRIMARY KEY CLUSTERED (RecId))'\t\t\n\ndeclare @ddl nvarchar(max);\n\nset @ddl= (\n\tselect \n\tstring_agg(convert(nvarchar(max), objectDDL ), ';') WITHIN GROUP (ORDER BY ObjectType DESC)\n\tfrom (\n\t\tselect \n\t\t\tObjectType,\n\t\t\tCase \n\t\t\t\twhen ObjectType = 'Entities' then \n\t\t\t\t\t'If (OBJECT_ID(''dbo.'+ EntityName + ''') is  NULL) ' + 'begin try execute sp_executesql N''' +\t\n\t\t\t\t\treplace(replace(replace(replace(replace(replace(replace(ViewDef\n\t\t\t\t\t\t\t\t\t\t, '[dbo].GetValidFromInContextInfo()', @dateTimeFunct)\n\t\t\t\t\t\t\t\t\t\t, '[dbo].GetValidToInContextInfo()', @dateTimeFunct)\n\t\t\t\t\t\t\t\t\t\t, 'dbo.GetValidFromInContextInfo()', @dateTimeFunct)\n\t\t\t\t\t\t\t\t\t\t, 'dbo.GetValidToInContextInfo()', @dateTimeFunct)\n\t\t\t\t\t\t\t\t\t\t, 'GetValidFromInContextInfo()', @dateTimeFunct)\n\t\t\t\t\t\t\t\t\t\t, 'GetValidToInContextInfo()', @dateTimeFunct)\n\t\t\t\t\t\t\t\t\t\t, '''', '''''')\n\t\t\t\t\t+ '''' + ' End Try Begin catch print ERROR_PROCEDURE() + '':'' print ERROR_MESSAGE() end catch'\n\t\t\t\tWhen (ObjectType = 'Tables' or ObjectType = 'ChangeFeed') then \n\t\t\t\t\t'begin try; execute sp_executesql N''' +\n\t\t\t\t\treplace(\n\t\t\t\t\treplace(replace(replace(@CreateTableDDLTemplate, '{0}', @schema), \n\t\t\t\t\t\t\t\t'{1}', EntityName), \n\t\t\t\t\t\t\t\t'{2}', ColumnList),\n\t\t\t\t\t\t\t\t\n\t\t\t\t\t'''', '''''')\n\t\t\t\t\t+ '''' + ' End Try Begin catch print ERROR_PROCEDURE() + '':'' print ERROR_MESSAGE() end catch'\n\t\tEND as ObjectDDL\n\t\tfrom _sqlmetadata\n\t\twhere ObjectType in (select value from string_split(@ObjectTypes, ','))\n\t) ddl\n)\nbegin try \n--select @ddl\nexecute sp_executesql @ddl\nend try\nbegin catch\n   SELECT  \n            @ddl  as DDL\n\t\t\t,ERROR_NUMBER() AS ErrorNumber  \n            ,ERROR_SEVERITY() AS ErrorSeverity  \n            ,ERROR_STATE() AS ErrorState  \n            ,ERROR_PROCEDURE() AS ErrorProcedure  \n            ,ERROR_MESSAGE() AS ErrorMessage;  \nend catch\n\ndeclare @CreateIndexDDL nvarchar(max)= \n(\n\tselect \n\tstring_agg(convert(nvarchar(max),DDL), ';') \n\tfrom \n\t(\n\t\tSelect \n\t\treplace(replace(replace('if not exists (select * from sys.indexes  where object_id=object_id(''{1}'') and name=''{2}'') create index {2} on {1} ({3})'\n\t\t\t\t\t,'{1}', C.TableName)\n\t\t\t\t\t,'{2}', C.TableName + '_NK_IDX')\n\t\t\t\t\t,'{3}', K.KeyColumns) as DDL\n\t\tFrom _ControlTableForCopy C\n\t\tjoin INFORMATION_SCHEMA.TABLES  T \n\t\ton C.TableSchema = T.TABLE_SCHEMA and C.TableName = T.TABLE_NAME and T.TABLE_TYPE = 'BASE TABLE'\n\t\tJoin _sqlmetadata as K\n\t\ton T.TABLE_NAME = K.EntityName and C.Environment = K.Environment and K.KeyColumns != 'RECID'\n\t) X\n\t);\n--select @CreateIndexDDL\nexecute sp_executesql @CreateIndexDDL;\n","type":"Expression"}}],"logSettings":{"logDestination":"ActivityOutput"}}}]}],"defaultActivities":[{"name":"CreateMetadataView","type":"Script","dependsOn":[],"policy":{"timeout":"7.00:00:00","retry":0,"retryIntervalInSeconds":30,"secureOutput":false,"secureInput":false},"userProperties":[],"linkedServiceName":{"referenceName":"[parameters('Target_Database_LinkedService')]","type":"LinkedServiceReference","parameters":{"DBServer":{"value":"@pipeline().parameters.DbServer","type":"Expression"},"DbName":{"value":"@pipeline().parameters.DbName","type":"Expression"}}},"typeProperties":{"scripts":[{"type":"Query","text":{"value":"CREATE OR ALTER   PROCEDURE [dbo].[_generateMetadata]\n(\n\t@StorageDS nvarchar(300),\n    @ObjectTypes varchar(100) = 'Tables,Entities',\n\t@schema nvarchar(10) = 'dbo',\n\t@parserVersion nvarchar(10) = '2.0',\n\t@ddlType   nvarchar(100) = 'SynapseView'\n)\nAS\nBEGIN \n\ndeclare @Storage nvarchar(1000) = (select value from string_split(@StorageDS, '/', 1) where ordinal = 3)\ndeclare @Container nvarchar(1000) = (select value from string_split(@StorageDS, '/', 1) where ordinal = 4)\ndeclare @environment nvarchar(1000) = (select value from string_split(@StorageDS, '/', 1) where ordinal = 5)\ndeclare @datasource nvarchar(200) = @environment;\n\ndeclare @readOption nvarchar(300) = N'''{\"READ_OPTIONS\":[\"ALLOW_INCONSISTENT_READS\"]}''';\ndeclare @dateTimeFunct nvarchar(50) = 'SYSUTCDATETIME()';\n\ndeclare @fileFormat nvarchar(100);\nIF (@parserVersion = '2.0')\n\tSET @fileFormat = '_CSV_P2';\nELSE \n\tSET @fileFormat = '_CSV_P1';\n\n\nDeclare @CreateCredentials nvarchar(max) =  replace(replace(\n\t'\n\tIF NOT EXISTS(select * from sys.database_credentials where name = ''{environment}'')\n\t\tCREATE DATABASE SCOPED CREDENTIAL [{environment}] WITH IDENTITY=''Managed Identity''\n\t\n\tIF NOT EXISTS(select * from sys.external_data_sources where name = ''{environment}'')\n        CREATE EXTERNAL DATA SOURCE [{environment}] WITH (\n            LOCATION = ''{StorageDS}'',\n            CREDENTIAL = [{environment}])\n\n\tIF NOT EXISTS(select * from sys.external_file_formats  where name = ''_CSV_P1'')\n\t\tCREATE EXTERNAL FILE FORMAT _CSV_P1\n\t\tWITH (FORMAT_TYPE = DELIMITEDTEXT,\n\t\t\tFORMAT_OPTIONS ( FIELD_TERMINATOR = '','', STRING_DELIMITER = ''\"'', FIRST_ROW = 1, USE_TYPE_DEFAULT = true));\n\n\tIF NOT EXISTS(select * from sys.external_file_formats  where name = ''_CSV_P2'')\n\t\tCREATE EXTERNAL FILE FORMAT _CSV_P2\n\t\tWITH (FORMAT_TYPE = DELIMITEDTEXT,\n\t\t\t  FORMAT_OPTIONS ( FIELD_TERMINATOR = '','', STRING_DELIMITER = ''\"'', FIRST_ROW = 1, PARSER_VERSION = ''2.0'' ));\n\n\tIF NOT EXISTS(select * from sys.external_file_formats  where name = ''_parquet'')\n\t\tCREATE EXTERNAL FILE FORMAT _parquet WITH (FORMAT_TYPE = Parquet);\n\t',\n\t'{environment}', @environment),\n\t'{StorageDS}', @StorageDS)\n\t;\n\nexecute sp_executesql  @CreateCredentials;\n\nDeclare @createCDMMetadata nvarchar(max) = replace(\n'CREATE OR ALTER  VIEW [dbo].[_cdmmetadata] \nAS\nwith _cdm AS\n(\nselect \n\t\tJSON_QUERY(doc, ''$.definitions'') as definitions,\n\t\tr.filepath(1) as [FilePath] ,\n\t\t''{environment}'' as [Environment],\n\t\tnull as [entities], \n\t\treplace(replace(replace(r.filepath(1), ''/resolved/'', ''/''), ''.cdm.json'', ''''), ''-resolved'', '''') + ''/*.csv'' as DataPath,\n\t\tcase when r.filepath(1)  like ''%resolved%'' then 1 else 0 end as resolved,\n\t\tcase \n\t\t\twhen r.filepath(1) like ''%ChangeFeed/%''  then ''_cdc_''+  EntityName\n\t\t\telse EntityName\n\t\tend as EntityName\nFROM OPENROWSET(\n\t\t\tBULK ''/**'',\n\t\t\tDATA_SOURCE = ''{environment}'',\n\t\t\tFORMAT = ''CSV'',\n\t\t\tfieldterminator =''0x0b'',\n\t\t\tfieldquote = ''0x0b'',\n\t\t\t rowterminator = ''0x0b''\n\t\t\t)\n\twith (doc nvarchar(max)) as r\n\tcross apply openjson (doc) with (EntityName nvarchar(max) ''$.definitions[0].entityName'')\n\twhere r.filepath(1) like ''%.cdm.json''\n\tand JSON_QUERY(doc, ''$.definitions[0]'') is not null\n)\nselect \nROW_NUMBER() OVER (ORDER BY FilePath DESC) as Id,\nx.[definitions],\nx.[FilePath] ,\nx.[Environment],\nx.[entities], \nx.DataPath,\nSUBSTRING (x.DataPath,0,CHARINDEX(''/'',x.DataPath)) as ObjectType,\nx.EntityName,\nx.resolved\nfrom _cdm x\ninner join \n(\n\tselect max (resolved) as resolved ,  DataPath\n\tfrom _cdm \n\tgroup by DataPath\n) y\non x.resolved = y.resolved and x.dataPath = y.datapath;',\n'{environment}', @environment);\n\nexecute sp_executesql  @createCDMMetadata;\nIF OBJECT_ID('dbo._viewreplacement') IS NULL\nEXEC('CREATE view  [dbo].[_viewreplacement] as SELECT \n\t'''' AS ViewName,\n\t'''' AS S1,\n\t'''' AS R1,\n\t'''' AS S2,\n\t'''' AS R2,\n\t'''' AS S3,\n\t'''' AS R3,\n\t'''' AS S4,\n\t'''' AS R4,\n\t'''' AS S5,\n\t'''' AS R5')  \n\nDeclare @createViewReplacement nvarchar(max) = replace(\n'Create or Alter View  _viewreplacement\nAS\nWITH  \nViewReplacementDefinition\nAS\n(\n    SELECT   \n    \t\t ROW_NUMBER() OVER ( PARTITION BY  [ViewName] ORDER BY (SELECT NULL)) as [ReplacementIndex]\n\t\t\t ,[SearchText]\n             ,[ReplacementText]\n             ,[ViewName]\n\t\t\t from Openrowset ( Bulk ''/ReplaceViewSyntax.json'', Format = ''CSV'', DATA_SOURCE = ''{environment}''\n\t\t\t\t,fieldterminator =''0x0b'',\n\t\t\t\tfieldquote = ''0x0b'',\n\t\t\t\trowterminator = ''0x0b'' \n\t\t\t\t) with (doc nvarchar(max)) as rows\n\t\t\tCROSS APPLY OPENJSON([doc])            \n\t\t\tWITH (    [SearchText] NVARCHAR(MAX) ''$.Key''\n    \t\t\t\t, [ReplacementText] NVARCHAR(MAX) ''$.Value'' \n    \t\t\t\t, [ViewName] NVARCHAR(110) ''$.ViewName'' \n\t\t\t)\n)\n\nSELECT S.ViewName,\n\tisnull(S1, '''') AS S1,\n\tisnull(R1, '''') AS R1,\n\tisnull(S2, '''') AS S2,\n\tisnull(R2, '''') AS R2,\n\tisnull(S3, '''') AS S3,\n\tisnull(R3, '''') AS R3,\n\tisNull(S4, '''') AS S4,\n\tisNull(R4, '''') AS R4,\n\tisnull(S5, '''') AS S5,\n\tisnull(R5, '''') AS R5\nFROM (\n\tSELECT ViewName,\n\t\t[1] AS S1,\n\t\t[2] AS S2,\n\t\t[3] AS S3,\n\t\t[4] AS S4,\n\t\t[5] AS S5\n\tFROM (\n\t\tSELECT ViewName,\n\t\t\tSearchText,\n\t\t\t[ReplacementIndex]\n\t\tFROM ViewReplacementDefinition\n\t\t) p\n\tPIVOT(MIN([SearchText]) FOR [ReplacementIndex] IN (\n\t\t\t\t[1],\n\t\t\t\t[2],\n\t\t\t\t[3],\n\t\t\t\t[4],\n\t\t\t\t[5]\n\t\t\t\t)) AS ReplaceOldStringPivot\n\t) S\nJOIN (\n\tSELECT ViewName,\n\t\t[1] AS R1,\n\t\t[2] AS R2,\n\t\t[3] AS R3,\n\t\t[4] AS R4,\n\t\t[5] AS R5\n\tFROM (\n\t\tSELECT ViewName,\n\t\t\t[ReplacementText],\n\t\t\t[ReplacementIndex]\n\t\tFROM ViewReplacementDefinition\n\t\t) p\n\tPIVOT(MIN([ReplacementText]) FOR [ReplacementIndex] IN (\n\t\t\t\t[1],\n\t\t\t\t[2],\n\t\t\t\t[3],\n\t\t\t\t[4],\n\t\t\t\t[5]\n\t\t\t\t)) AS ReplaceNewStringPivot\n\t) R\n\tON S.ViewName = R.ViewName',\n\t'{environment}', @environment);\n\nbegin try\n\texecute sp_executesql  @createViewReplacement;\nend try\nbegin catch\nprint ('Warnig:missing ReplaceViewSyntax.json file..')\nend catch\n\n\n\nIF OBJECT_ID('dbo._dependency') IS NULL\nEXEC('CREATE view  [dbo].[_dependency] as SELECT \n\t\tcast(null as nvarchar(100)) as ParentEntity,\n\t\tcast(null as nvarchar(1000)) as EntityName,\n\t\tcast(null as nvarchar(100)) as ObjectType,\n\t\tcast (null as nvarchar(max)) as DependentTables,\n\t\tcast(null as nvarchar(max)) as ColumnListP1,\n\t\tcast(null as nvarchar(max)) as ColumnListP2,\n\t\tcast(null as nvarchar(max)) as NameList,\n\t\tcast(null as nvarchar(4000)) as DataPath,\n\t\tcast(null as nvarchar(max)) as ViewDef,\n\t\tcast(null as nvarchar(max)) as MemoFields,\n\t\t0 as Ordinal'\n\t\t)  \n\t\t\n\nDeclare @createDependency nvarchar(max) = replace(\n'CREATE or alter view  [dbo].[_dependency] as\n\twith _dependencies AS\n\t(\n\t\tSelect \n\t\tEntityName as ParentEntity,\n\t\tDependentTables as DependentTables,\n\t\tDependentObjects as DependentObjects,\n\t\tMemoFields\n\t\tFROM Openrowset \n\t\t(\n\t\t\tBulk ''/dependencies.json'', Format = ''CSV'', \n\t\t\tDATA_SOURCE = ''{Environment}'',\n\t\t\tfieldterminator =''0x0b'',\n\t\t\tfieldquote = ''0x0b'',\n\t\t\trowterminator = ''0x0b''\n\t\t)\n\t\tWITH (doc nvarchar(max)) as r\n\t\tcross apply openjson (doc) \n\t\tWith (AXDBDependencies nvarchar(max) as JSON) \n\t\tcross apply openjson (AXDBDependencies) \n\t\twith \n\t\t(\n\t\t\t[EntityName] varchar(500),\n\t\t\t[DependentTables] nvarchar(max) as JSON,\n\t\t\t[DependentObjects] nvarchar(max) as JSON,\n\t\t\t[MemoFields] varchar(max) \n\t\t)\n\t)\n\tSELECT distinct \t\n\t\tObjectName as EntityName,\n\t\t''Entities'' as ObjectType,\n\t\t'''' as ColumnListP1,\n\t\t'''' as ColumnListP2,\n\t\t'''' as NameList,\n\t\t'''' as DataPath,\n\t\treplace(replace(replace([definition] ,isNull(vr.S1, ''''), isNull(vr.R1,'''')), isnull(vr.S2, ''''), isnull(vr.R2,'''')),isnull(vr.S3, ''''), isnull(vr.R3, '''')) as ViewDef,\n\t\t0 as Ordinal\n\tfrom _dependencies\n\tCross apply openjson(DependentObjects)\n\tWITH \n\t(\n\t\tobjectName nvarchar(200),  \n\t\ttype NVARCHAR(50), \n\t\tdefinition nvarchar(max)\n\t)\n\tleft outer join _viewreplacement vr on vr.ViewName = objectName\n\twhere \n\ttype = ''view''\n\tand ParentEntity != ObjectName\n\tunion \n\tSelect \n\t\tTableName,\n\t\t''Tables''  as ObjectType,\n\t\tSTRING_AGG(convert(nvarchar(max), ''['' + COLUMN_NAME + ''] '' + case DATA_TYPE when ''nvarchar'' then ''nvarchar(100)'' when ''timestamp'' then ''varbinary(100)''  else DATA_TYPE end ), '','') as ColumnListP1,\n\t\tSTRING_AGG(convert(nvarchar(max), ''['' + COLUMN_NAME + ''] '' + case DATA_TYPE when ''nvarchar'' then ''nvarchar(100)'' when ''timestamp'' then ''varbinary(100)''  else DATA_TYPE end ), '','') as ColumnListP2,\n\t\tSTRING_AGG(convert(nvarchar(max), COLUMN_NAME), '','') as NameList,\n\t\t''Tables/*.csv'' as DataPath,\n\t\t'''' as ViewDef,\n\t\t-1 as Ordinal\n\tfrom \n\t(\n\t\tselect distinct TableName,Attributes\n\t\tFrom _dependencies\n\t\tcross apply OpenJson(DependentTables) with (TableName varchar(100), Attributes nvarchar(max) as Json)\n\t) T\n\tcross apply OPENJSON(T.Attributes)   with (COLUMN_NAME varchar(100), DATA_TYPE varchar(100), CHARACTER_MAXIMUM_LENGTH int)\n\tgroup by TableName',\n\t'{environment}', @environment);\n\nbegin try\n\texecute sp_executesql  @createDependency;\nend try\nbegin catch\nprint ('Warnig:missing depenendecies.json file')\nend catch\n\n\nexec('create or alter view _sqlmetadata \nas \nselect distinct\n\tfinal.EntityName,\n\tfinal.ObjectType,\t\n\tfinal.ColumnListP1,\n\tfinal.ColumnListP2,\n\tfinal.NameList,\n\tfinal.DataPath,\n\tfinal.ViewDef,\n\t1 as Ordinal\n\tfrom \n\t\t(\n\t\t\tselect \n\t\t\t\tx.EntityName,\n\t\t\t\tx.DataPath,\n\t\t\t\treplace(replace(replace(x.ViewDef ,isNull(vr.S1, ''''), isNull(vr.R1,'''')), isnull(vr.S2, ''''), isnull(vr.R2,'''')),isnull(vr.S3, ''''), isnull(vr.R3, '''')) as ViewDef,\n\t\t\t\tx.ObjectType,\n\t\t\t\tcase \n\t\t\t\t\twhen x.ObjectType = ''ChangeFeed'' and  x.ViewDef is not null then 0 \n\t\t\t\t\telse 1 \n\t\t\t\tend as IsValid,\n\t\t\t\tSTRING_AGG(CONVERT(NVARCHAR(max), + ''['' + name + ''] '' +  \n\t\t\t\tcase    \n\t\t\t\t\twhen x.dataType = ''nvarchar'' and x.maxLength < 0  then ''nvarchar(max)''   \n\t\t\t\t\twhen x.datatype = ''nvarchar'' then ''nvarchar('' + convert(nvarchar(10), x.maxLength) + '')''\n\t\t\t\t\twhen x.datatype = ''varbinary'' then ''varbinary('' + convert(nvarchar(10), x.maxLength) + '')''\n\t\t\t\t\twhen x.datatype = ''decimal'' then ''decimal(32,16)''  \n\t\t\t\t\telse x.datatype\n\t\t\t\tend) , '','') WITHIN GROUP (ORDER BY ID ASC) as ColumnListP1,\n\t\t\t\tSTRING_AGG(CONVERT(NVARCHAR(max), + ''['' + name + ''] '' +  \n\t\t\t\tcase    \n\t\t\t\t\twhen x.dataType = ''nvarchar'' and x.maxLength < 0  then ''nvarchar(8000)''   \n\t\t\t\t\twhen datatype = ''DateTime'' then ''DateTime2''  \n\t\t\t\t\twhen x.datatype = ''nvarchar'' then ''nvarchar('' + convert(nvarchar(10), x.maxLength) + '')''\n\t\t\t\t\twhen x.datatype = ''varbinary'' then ''varbinary('' + convert(nvarchar(10), x.maxLength) + '')''\n\t\t\t\t\twhen x.datatype = ''decimal'' then ''decimal(32,16)''  \n\t\t\t\t\telse x.datatype\n\t\t\t\tend) , '','') WITHIN GROUP (ORDER BY ID ASC) as ColumnListP2,\n\t\t\t\tSTRING_AGG(CONVERT(NVARCHAR(max),\n\t\t\t\tcase    \n\t\t\t\t\twhen x.dataType = ''nvarchar''   then ''isNull(['' + name + ''], '''''''')'' + ''['' + name + '']''   \n\t\t\t\t\twhen datatype = ''DateTime'' then ''isNull(['' + name + ''], ''''1900-01-01'''')''   + ''['' + name + '']''  \n\t\t\t\t\telse ''['' + name + '']'' end) , '','') WITHIN GROUP (ORDER BY ID ASC) as NameList\n\t\t\tfrom \n\t\t\t( \n\t\t\t\tselect \n\t\t\t\t\tFilePath,\n\t\t\t\t\tEntityName,\n\t\t\t\t\tObjectType,\n\t\t\t\t\tDataPath,   \n\t\t\t\t\t(Select ISNULL(viewDefinition, viewDefinition1)\n\t\t\t\t\t\tFrom  OPENJSON(definitions, ''$[0].exhibitsTraits'') \n\t\t\t\t\t\tWITH (\n\t\t\t\t\t\ttraitReference NVARCHAR(100) ''$.traitReference'',\n\t\t\t\t\t\tviewDefinition nvarchar(max) ''$.arguments[0].value'',\n\t\t\t\t\t\tviewDefinition1 nvarchar(max) ''$.arguments[0]''\n\t\t\t\t\t\t)where traitReference = ''has.sqlViewDefinition'') as ViewDef,\n\t\t\t\t\tname,   \n\t\t\t\t\tcase      \n\t\t\t\t\t\twhen datatype =''guid'' then ''UNIQUEIDENTIFIER''  \n\t\t\t\t\t\twhen lower(name) =''_sysrowid'' then ''bigint''\n\t\t\t\t\t\twhen datatype = ''string'' and enum = ''is.constrainedList.wellKnown'' then ''int''\n\t\t\t\t\t\twhen datatype = ''string'' then ''nvarchar''\n\t\t\t\t\t\twhen datatype = ''int32'' then ''int''   \n\t\t\t\t\t\twhen datatype = ''int64'' then ''bigInt''    \n\t\t\t\t\t\twhen datatype = ''boolean'' then ''bit''   \n\t\t\t\t\t\twhen datatype = ''double'' then ''real'' \n\t\t\t\t\t\twhen datatype = ''Time'' then ''int''  \n\t\t\t\t\t\twhen datatype = ''Binary'' then ''varbinary''  \n\t\t\t\t\t\telse datatype \n\t\t\t\t\tend as dataType,    \n\t\t\t\t\tcase \n\t\t\t\t\t\twhen datatype = ''string'' and  maxLength > 4000 then -1\n\t\t\t\t\t\twhen datatype = ''string'' and lower(name) =''lsn'' then 60\n\t\t\t\t\t\twhen datatype = ''string'' and lower(name) = ''start_lsn'' then 60\n\t\t\t\t\t\twhen datatype = ''string'' and lower(name) = ''seq_val'' then 60\n\t\t\t\t\t\twhen datatype = ''string'' and lower(name) = ''dml_action'' then 15\n\t\t\t\t\t\twhen datatype = ''string'' and lower(name) = ''update_mask'' then 200\n\t\t\t\t\t\twhen datatype = ''string'' and lower(name) = ''createdby'' then 20\n\t\t\t\t\t\twhen datatype = ''string'' and lower(name) = ''modifiedby'' then 20\n\t\t\t\t\t\twhen datatype = ''string''  and maxLength is null then 1000\n\t\t\t\t\t\twhen datatype = ''Binary''  and maxLength is null then 100\n\t\t\t\t\t\twhen datatype = ''string''  then maxLength \n\t\t\t\t\tend as maxLength,\n\t\t\t\t\tenum,\n\t\t\t\t\tROW_NUMBER() OVER (ORDER BY (SELECT NULL)) as ID\n\t\t\t\tfrom _cdmmetadata \n\t\t\t\tcross apply OPENJSON(definitions, ''$[0].hasAttributes'')  \n\t\t\t\t\tWITH (name nvarchar(200),  datatype NVARCHAR(50) ''$.dataFormat'' , maxLength int ''$.maximumLength'' \n\t\t\t\t\t,scale int ''$.traits[0].arguments[1].value'', enum nvarchar(max) ''$.appliedTraits[3].traitReference'')\n\t\t) x\n\t\tleft outer join _viewreplacement vr on vr.ViewName = x.EntityName\n\t\tgroup by x.EntityName,x.objectType, x.DataPath,x.ViewDef, x.FilePath, S1, R1, S2, R2, S3, R3\n\t) final\n\twhere final.IsValid = 1\n\tunion \n\tSELECT \t\n\t\tEntityName,\n\t\tObjectType,\n\t\tColumnListP1,\n\t\tColumnListP2,\n\t\tNameList,\n\t\tDataPath,\n\t\tViewDef,\n\t\tOrdinal\n\tfrom _dependency\n\twhere EntityName is not null;');\n\t\n\t\ndeclare @CreateTableTemplate nvarchar(max) = 'If (OBJECT_ID(''{0}.{1}'') is  NULL) CREATE Table {0}.{1} ({2},CONSTRAINT PK_{1}_RecIdx PRIMARY KEY CLUSTERED (RecId))'\n\ndeclare @CreateExternalTableDDL nvarchar(max) = 'If (OBJECT_ID(''{0}.{1}'') IS NOT  NULL) \tDrop external table  {0}.{1}  \n\t\t\t\tCREATE external Table {0}.{1} ({2}) WITH ( LOCATION = ''{3}'', DATA_SOURCE = [{4}], FILE_FORMAT = [{5}])';\n\ndeclare @CreateViewDDL nvarchar(max) = 'CREATE OR ALTER VIEW  {0}.{1}  AS SELECT cast(r.filepath(1) as varchar(100)) as [$FileName], {7} FROM  OPENROWSET( BULK ''{3}'',  FORMAT = ''CSV'', \n\t\t\t\tPARSER_VERSION = ''{4}'', DATA_SOURCE = ''{5}'', ROWSET_OPTIONS ={6}) WITH ({2}) as r';\n\n\ndeclare @ddl nvarchar(max);\n\nset @ddl= (\n\tselect \n\tstring_agg(convert(nvarchar(max), objectDDL ), ';') WITHIN GROUP (ORDER BY ObjectType DESC, Ordinal ASC)\n\tfrom (\n\t\tselect \n\t\t\tObjectType,\n\t\t\tOrdinal,\n\t\t\tCase \n\t\t\t\twhen ObjectType = 'Entities' then \n\t\t\t\t\t'begin try execute sp_executesql N''' +\t\n\t\t\t\t\treplace(replace(replace(replace(replace(replace(replace(replace(ViewDef\n\t\t\t\t\t\t\t\t\t\t, '[dbo].GetValidFromInContextInfo()', @dateTimeFunct)\n\t\t\t\t\t\t\t\t\t\t, '[dbo].GetValidToInContextInfo()', @dateTimeFunct)\n\t\t\t\t\t\t\t\t\t\t, 'dbo.GetValidFromInContextInfo()', @dateTimeFunct)\n\t\t\t\t\t\t\t\t\t\t, 'dbo.GetValidToInContextInfo()', @dateTimeFunct)\n\t\t\t\t\t\t\t\t\t\t, 'GetValidFromInContextInfo()', @dateTimeFunct)\n\t\t\t\t\t\t\t\t\t\t, 'GetValidToInContextInfo()', @dateTimeFunct)\n\t\t\t\t\t\t\t\t\t\t,'Create View', 'Create or alter View')\n\t\t\t\t\t\t\t\t\t\t, '''', '''''')\n\t\t\t\t\t+ '''' + ' End Try Begin catch print ERROR_PROCEDURE() + '':'' print ERROR_MESSAGE() end catch'\n\t\t\t\t\t\tWhen (ObjectType = 'Tables' or ObjectType = 'ChangeFeed') and @ddlType = 'SQLTable' then \n\t\t\t\t\t'execute sp_executesql N''' +\n\t\t\t\t\treplace(\n\t\t\t\t\t replace(replace(replace(@CreateTableTemplate, \n\t\t\t\t\t '{0}', @schema), \n\t\t\t\t\t '{1}', EntityName), \n\t\t\t\t\t '{2}', ColumnListP1),\n\t\t\t\t\t'''', '''''')\n\t\t\t\t\t+ ''''\n\t\t\t\t\t\tWhen (ObjectType = 'Tables' or ObjectType = 'ChangeFeed')  and @ddlType = 'SynapseExternalTable' then \n\t\t\t\t\t'execute sp_executesql N''' +\n\t\t\t\t\treplace(\n\t\t\t\t\treplace(replace(replace(replace(replace(replace(replace(@CreateExternalTableDDL, '{0}', @schema), \n\t\t\t\t\t\t\t\t'{1}', EntityName), \n\t\t\t\t\t\t\t\t'{2}', case when @parserVersion = '1.0' then ColumnListP1 else ColumnListP2 end),\n\t\t\t\t\t\t\t\t'{3}', DataPath),\n\t\t\t\t\t\t\t\t'{4}', @datasource),\n\t\t\t\t\t\t\t\t'{5}', @fileFormat), \n\t\t\t\t\t\t\t\t'{6}', @readOption),\n\t\t\t\t\t'''', '''''')\n\t\t\t\t\t+ ''''\n\t\t\t\tWhen (ObjectType = 'Tables' or ObjectType = 'ChangeFeed')   and @ddlType = 'SynapseView' Then \n\t\t\t\t\t'execute sp_executesql N''' +\n\t\t\t\t\treplace(\n\t\t\t\t\treplace(replace(replace(replace(replace(replace(replace(replace(@CreateViewDDL, \n\t\t\t\t\t\t\t'{0}',@schema),\n\t\t\t\t\t\t\t'{1}', EntityName), \n\t\t\t\t\t\t\t'{2}', case when @parserVersion = '1.0' then ColumnListP1 else ColumnListP2 end), \n\t\t\t\t\t\t\t'{3}', DataPath), \n\t\t\t\t\t\t\t'{4}', @parserVersion), \n\t\t\t\t\t\t\t'{5}', @datasource), \n\t\t\t\t\t\t\t'{6}', @readOption) ,\n\t\t\t\t\t\t\t'{7}', NameList) ,\n\t\t\t\t\t'''', '''''')\n\t\t\t\t\t+ ''''\n\t\tEND as ObjectDDL\n\t\tfrom _sqlmetadata\n\t\twhere ObjectType in (select value from string_split(@ObjectTypes, ','))\n\t) ddl\n)\nbegin try \n--select @ddl\nexecute sp_executesql @ddl\nend try\nbegin catch\n   SELECT  \n            @ddl  as DDL\n\t\t\t,ERROR_NUMBER() AS ErrorNumber  \n            ,ERROR_SEVERITY() AS ErrorSeverity  \n            ,ERROR_STATE() AS ErrorState  \n            ,ERROR_PROCEDURE() AS ErrorProcedure  \n            ,ERROR_MESSAGE() AS ErrorMessage;  \nend catch\n\nEND;\n\n","type":"Expression"}},{"type":"Query","text":{"value":"CREATE OR ALTER   PROCEDURE [dbo].[_materializeToParquet] \n@SourceSchema NVARCHAR(20),\n@SourceView NVARCHAR(200),\n@TargetSchema NVARCHAR(20),\n@Location NVARCHAR(1000),\n@DataSource NVARCHAR(100),\n@FileFormat NVARCHAR(100)\nAS\n\nBEGIN\n\nDECLARE  @CreateCurrentViewTemplate NVARCHAR(max)\nDeclare @ColumnName nvarchar(max)\nDeclare @NameList nvarchar(max)\ndeclare @StartDate datetime2 = GETUTCDATE();\ndeclare @ProcessDateStr nvarchar(20) = FORMAT(@StartDate,'yyyyMMddHHmmss');\n\nprint('Start:' + @SourceSchema + '.' + @SourceView + ':' + FORMAT(@StartDate,'yyyy-MM-dd HH:mm:ss'))\n\nselect @ColumnName = STRING_AGG(CONVERT(NVARCHAR(max),  '[' + COLUMN_NAME + '] ' +  \n\t\t\t\tcase    \n\t\t\t\t\twhen DATA_TYPE = 'nvarchar' and  CHARACTER_MAXIMUM_LENGTH < 0  then 'nvarchar(max)'\n\t\t\t\t\twhen DATA_TYPE = 'nvarchar' then 'nvarchar(' + convert(nvarchar(10), CHARACTER_MAXIMUM_LENGTH) + ')'\n\t\t\t\t\telse  DATA_TYPE  end) , ',') WITHIN GROUP (ORDER BY ORDINAL_POSITION ASC)\nfrom INFORMATION_SCHEMA.COLUMNS\nwhere TABLE_SCHEMA = @SourceSchema and TABLE_NAME = @SourceView\nand COLUMN_NAME not in ('$FileName')\n\nselect @NameList = STRING_AGG(CONVERT(NVARCHAR(max), \n\t\t\t\tcase    \n\t\t\t\t\twhen DATA_TYPE = 'nvarchar'   then 'isNull([' + COLUMN_NAME  + '], '''') ' +   '[' + COLUMN_NAME  + ']' \n\t\t\t\t\twhen DATA_TYPE = 'DateTime' then 'isNull(['  + COLUMN_NAME + '], ''1900-01-01'') '   +   '[' + COLUMN_NAME  + ']' \n\t\t\t\t\twhen DATA_TYPE = 'DateTime2' then 'isNull(['  + COLUMN_NAME + '], ''1900-01-01'') '   +   '[' + COLUMN_NAME  + ']' \n\t\t\t\t\telse '[' + COLUMN_NAME + ']' end) , ',') WITHIN GROUP (ORDER BY ORDINAL_POSITION ASC)\nfrom INFORMATION_SCHEMA.COLUMNS\nwhere TABLE_SCHEMA = @SourceSchema and TABLE_NAME = @SourceView\nand COLUMN_NAME not in ('$FileName')\n\n\nSET @CreateCurrentViewTemplate = \n\tN'IF OBJECT_ID(''{TargetSchema}.__{SourceView}'') IS NOT NULL \n\t\tDROP EXTERNAL TABLE {TargetSchema}.__{SourceView}\n\n\tCREATE EXTERNAL TABLE {TargetSchema}.__{SourceView}\n\t WITH \n\t (\n\t\tLOCATION = ''{Location}{SourceView}/{ProcessDate}'',                                      \n\t\tDATA_SOURCE = [{DataSource}],\n\t\tFILE_FORMAT = {FileFormat}\n\t ) AS SELECT {NameList} FROM  {SourceSchema}.{SourceView}\n\n\t IF OBJECT_ID(''{TargetSchema}.__{SourceView}'') IS NOT NULL \n\t\tDROP EXTERNAL TABLE {TargetSchema}.__{SourceView}\n\t ';\n\nset @CreateCurrentViewTemplate = replace(replace(replace(replace(replace(replace(replace(replace(@CreateCurrentViewTemplate,\n\t'{SourceSchema}', @SourceSchema), \n\t'{SourceView}', @SourceView), \n\t'{TargetSchema}',@TargetSchema),\n\t'{Location}',   @Location),\n\t'{DataSource}', @DataSource),\n\t'{FileFormat}', @FileFormat),\n\t'{NameList}' , @NameList),\n\t'{ProcessDate}',@ProcessDateStr);\n\nDECLARE  @CreateOrReplaceViewTemplate NVARCHAR(max) = replace(replace(replace(replace(replace(\n\t\tN'CREATE OR ALTER VIEW {TargetSchema}.{SourceView}\n\t\tAS\n\t\tSELECT * FROM OPENROWSET\n\t\t(\n\t\t\tBULK ''{Location}{SourceView}/{ProcessDate}/*.parquet'',     \n\t\t\tDATA_SOURCE = ''{DataSource}'',\n\t\t\tFORMAT = ''Parquet''\n\t\t) with (' + @ColumnName +  ') AS fct',\n\t\t'{SourceView}', @SourceView), \n\t\t'{TargetSchema}',@TargetSchema),\n\t\t'{Location}',   @Location),\n\t\t'{DataSource}', @DataSource),\n\t\t'{ProcessDate}',@ProcessDateStr);\n\n\nbegin try \n--print(@CreateCurrentViewTemplate) \nEXEC sp_executesql @CreateCurrentViewTemplate\nprint('Materialized:' + @SourceSchema + '.' + @SourceView + ':' + FORMAT(GETUTCDATE(),'yyyy-MM-dd HH:mm:ss') )\nEXEC sp_executesql @CreateOrReplaceViewTemplate\nprint('Complete:' + @TargetSchema + '.' + @SourceView + ': Duration(S):' + Convert(Nvarchar(100), DateDiff(Second, @StartDate, GETUTCDATE())))\nend try\nbegin catch\n   SELECT  \n            @CreateCurrentViewTemplate  as CETAS\n\t\t\t,@CreateOrReplaceViewTemplate as CreateView\n\t\t\t,ERROR_NUMBER() AS ErrorNumber  \n            ,ERROR_SEVERITY() AS ErrorSeverity  \n            ,ERROR_STATE() AS ErrorState  \n            ,ERROR_PROCEDURE() AS ErrorProcedure  \n            ,ERROR_MESSAGE() AS ErrorMessage;  \nend catch\nEND;\n","type":"Expression"}},{"type":"Query","text":{"value":"CREATE OR ALTER  PROCEDURE [dbo].[_getUpdatedTables] \n@DataSource NVARCHAR(100),\n@Schema  nvarchar(20) = 'dbo',\n@ObjectTypes varchar(100) = 'Tables',\n@TableList nvarchar(max)= '*',\n@SkipMarker int =0\nAS\n\nBEGIN\n\n\ndeclare @UpdatedTableScript nvarchar(max) = \n\t\treplace(replace(replace(replace(replace(\n\t\t'\n\t\tDeclare @TableList nvarchar(max) = ''{TableList}'';\n\t\tDeclare @SkipMarker int = {SkipMarker};\n\t\tDeclare @ObjectTypes varchar(100) = ''{ObjectTypes}'';\n\n\t\tIF OBJECT_ID(''_lastcopymarker'') IS  NULL OR @SkipMarker = 1\n\t\t\tBEGIN \n\t\t\tSelect \n\t\t\tROW_NUMBER() OVER (ORDER BY Name) AS RowNumber,\n\t\t\tname as UpdatedTables, \n\t\t\t'''' as NewCopyMarker\n\t\t\tfrom \n\t\t\t(\n\t\t\t\tSELECT \n\t\t\t\t\tname \n\t\t\t\tFROM sys.external_tables\n\t\t\t\twhere schema_id = SCHEMA_ID(''{Schema}'') \n\t\t\t\tand ( (@TableList = ''*'' ) or name in (select value from string_split(@TableList, '','') ))\n\t\t\t\tand (''Tables''= (select top 1 value from string_split(@ObjectTypes, '','') where value = ''Tables''))\n\n\t\t\tunion \n\t\t\t\tselect \n\t\t\t\t\tname  \n\t\t\t\tfrom sys.views\n\t\t\t\twhere schema_id = SCHEMA_ID(''{Schema}'') \n\t\t\t\tand ( (@TableList = ''*'' ) or name in (select value from string_split(@TableList, '','') ))\n\t\t\t\tand name not like ''[_]%''\n\t\t\t\tand (''Entities''= (select top 1 value from string_split(@ObjectTypes, '','') where value = ''Entities''))\n\t\t\t)x\n\t\t\tEND \n\t\tELSE\n\t\tBEGIN\n\t\t\n\t\t\tdeclare @LastCooyMarker nvarchar(1000);\n\t\t\tselect @LastCooyMarker =LastCopyMarkerValue from _lastcopymarker;\n\t\t\n\t\t\tSelect\n\t\t\tROW_NUMBER() OVER (ORDER BY TableName) AS RowNumber,\n\t\t\tTableName as UpdatedTables, \n\t\t\tMAX(LastFileName) OVER () as NewCopyMarker  \n\t\t\tfrom \n\t\t\t(\n\t\t\t\tselect \n\t\t\t\tr.filepath(1) as TableName, max(r.filepath(2)) as LastFileName \n\t\t\t\tfrom OPENROWSET \n\t\t\t\t(\n\t\t\t\t\tBULK ''/ChangeFeed/*/*.csv'',\n\t\t\t\t\tDATA_SOURCE = ''{DataSource}'', \n\t\t\t\t\tFormat = ''CSV'' \n\t\t\t\t\t) With (FirstColumn bigint) AS r\n\t\t\t\twhere r.filepath(2) > @LastCooyMarker\n\t\t\t\tand ( (@TableList = ''*'' ) or r.filepath(1) in (select value from string_split(@TableList, '','') ))\n\t\t\t\tgroup by r.filepath(1)\n\t\t\t\t\n\t\t\t)x \n\t\tEND',\n\t\t'{DataSource}', @DataSource),\n\t\t'{TableList}', @TableList),\n\t\t'{Schema}', @Schema),\n\t\t'{ObjectTypes}', @ObjectTypes),\n\t\t'{SkipMarker}', @SkipMarker)\n\n--print(@UpdatedTableScript)\nEXEC sp_executesql @UpdatedTableScript\n\nEND;\n\n","type":"Expression"}},{"type":"Query","text":{"value":"CREATE OR ALTER PROCEDURE [dbo].[_copyToParquet]\n(\n\t@StorageDS nvarchar(300),\n\t@SourceSchema nvarchar(10) = 'dbo',\n\t@TargetObjectTypes varchar(100) = 'Tables',\n\t@TargetSchema nvarchar(10) = 'pqt',\n\t@TargetTableList nvarchar(max) = '*',\n\t@SkipMarker int = 0,\n\t@TargetFileFormat nvarchar(100) = '_parquet',\n\t@TargetRootLocation nvarchar(1000)     = 'Snapshot/'\n)\nAS\nBEGIN \n\tdeclare @environment nvarchar(1000) = (select value from string_split(@StorageDS, '/', 1) where ordinal = 5);\n\n\tdrop table if exists #TableToCopy\n\tCREATE TABLE #TableToCopy (RowNumber Int, TableName nvarchar(max), NextCopyMarker nvarchar(200));\n\n\tINSERT INTO #TableToCopy\n\tExec [_getUpdatedTables] @DataSource = @environment, @Schema = @SourceSchema, @ObjectTypes= @TargetObjectTypes, @TableList = @TargetTableList, @SkipMarker = @SkipMarker\n\n\tdeclare @NextCopyMarker nvarchar(300) = '';\n\tSelect  top 1  @NextCopyMarker= NextCopyMarker from #TableToCopy \n\n\tDECLARE @startloop INT = 1,\n\t@endloop INT\n \n\tSELECT @endloop = count(RowNumber) FROM #TableToCopy\n\n\tWHILE @startloop <= @endloop\n\tBEGIN\n\t\tDeclare @SourceView Nvarchar(200);\n\n\t\tSelect  top 1 @SourceView = TableName\n\t\tfrom #TableToCopy \n\t\twhere RowNumber = @startloop\n\n\t\tEXEC _materializeToParquet\n\t\t\t@SourceSchema = @SourceSchema,\n\t\t\t@SourceView\t   = @SourceView,\n\t\t\t@TargetSchema  = @TargetSchema,\n\t\t\t@Location      = @TargetRootLocation,\n\t\t\t@DataSource = @environment,\n\t\t\t@FileFormat =@TargetFileFormat;\n\t\t\n\t\tSet @startloop = @startloop +1\n\tEND\n\t\n\tdrop table if exists #TableToCopy\n\n\tIF (OBJECT_ID('_lastcopymarker') IS  NULL ) OR (@SkipMarker = 0  AND @NextCopyMarker != '')\n\tBEGIN\n\tdeclare @updateLastCopyMarker nvarchar(1000) = replace('create or alter view _lastcopymarker as Select ''{LastCopyMarker}'' as [LastCopyMarkerValue]', '{LastCopyMarker}', @NextCopyMarker)\n\tEXEC sp_executesql @updateLastCopyMarker\n\tEND\n\nEND;\n\n","type":"Expression"}},{"type":"Query","text":{"value":"Declare @StorageDS nvarchar(300) = '@{pipeline().parameters.StorageAccount}@{replace(concat(pipeline().parameters.container,'/',pipeline().parameters.Environment), '//','/')}';\ndeclare @schema nvarchar(10) = '@{pipeline().parameters.Schema}';\ndeclare @ObjectTypes varchar(100) = '@{pipeline().parameters.ObjectTypes}'\ndeclare @parserVersion varchar(100) = '@{pipeline().parameters.ParserVersion}'\ndeclare @ddlType varchar(100) = '@{pipeline().parameters.DDLType}'\n\nexec _generateMetadata @StorageDS, @ObjectTypes, @schema, @parserVersion, @ddlType\n","type":"Expression"}}]}}]}},{"name":"SQLOrDedicatedPool","type":"IfCondition","dependsOn":[],"userProperties":[],"typeProperties":{"expression":{"value":"@or(equals(pipeline().parameters.DDLType,'SQLTable'), equals(pipeline().parameters.DDLType,'SynapseTable'))","type":"Expression"},"ifTrueActivities":[{"name":"CopyMetadata_SQL","type":"Copy","dependsOn":[{"activity":"CopyMetadataToParquet","dependencyConditions":["Succeeded"]}],"policy":{"timeout":"7.00:00:00","retry":0,"retryIntervalInSeconds":30,"secureOutput":false,"secureInput":false},"userProperties":[],"typeProperties":{"source":{"type":"ParquetSource","storeSettings":{"type":"AzureBlobFSReadSettings","recursive":true,"enablePartitionDiscovery":false}},"sink":{"type":"AzureSqlSink","preCopyScript":{"value":"IF EXISTS (SELECT * FROM sys.objects WHERE object_id = OBJECT_ID(N'[dbo].[_cdmmetadata]') AND type in (N'U'))\n    Drop Table _cdmmetadata\n    \ncreate table _cdmmetadata\n(\n    [definitions] [varchar](max) NULL,\n    [FilePath] [varchar](1000) NULL,\n    [Environment]   [varchar](1000) NULL,\n    [entities] varchar(max) Null,\n    [EntityName] varchar(500) null,\n    [DataPath] varchar(1000) Null,\n    [ObjectType] varchar(1000) null,\n    [Resolved] int Null\n) @{if(equals(pipeline().parameters.DDLType,'SynapseTable'), 'WITH(HEAP)','')}","type":"Expression"},"writeBehavior":"insert","sqlWriterUseTableLock":false,"disableMetricsCollection":false},"enableStaging":false},"inputs":[{"referenceName":"CDMUtil_Metadata_File_Dataset","type":"DatasetReference","parameters":{"container":{"value":"@pipeline().parameters.container","type":"Expression"},"folder":{"value":"@pipeline().parameters.Environment","type":"Expression"},"StorageAccount":{"value":"@pipeline().parameters.StorageAccount","type":"Expression"}}}],"outputs":[{"referenceName":"CDMUtil_SQLTable_Dataset","type":"DatasetReference","parameters":{"TableName":{"value":"_cdmmetadata","type":"Expression"},"DbName":{"value":"@pipeline().parameters.DbName","type":"Expression"},"DBServer":{"value":"@pipeline().parameters.DbServer","type":"Expression"}}}]},{"name":"CopyMetadataToParquet","description":"Recursive copy cdm.json files to metadata.parquet file","type":"Copy","dependsOn":[],"policy":{"timeout":"7.00:00:00","retry":0,"retryIntervalInSeconds":30,"secureOutput":false,"secureInput":false},"userProperties":[],"typeProperties":{"source":{"type":"JsonSource","additionalColumns":[{"name":"FilePath","value":"$$FILEPATH"},{"name":"Environment","value":{"value":"@pipeline().parameters.Environment","type":"Expression"}},{"name":"DataPath","value":{"value":"''","type":"Expression"}},{"name":"ObjectType","value":""},{"name":"Resolved","value":"0"}],"storeSettings":{"type":"AzureBlobFSReadSettings","recursive":true,"wildcardFolderPath":{"value":"@{pipeline().parameters.Environment}/**/","type":"Expression"},"wildcardFileName":"*.cdm.json","enablePartitionDiscovery":false},"formatSettings":{"type":"JsonReadSettings"}},"sink":{"type":"ParquetSink","storeSettings":{"type":"AzureBlobFSWriteSettings","copyBehavior":"MergeFiles"},"formatSettings":{"type":"ParquetWriteSettings"}},"enableStaging":false,"translator":{"type":"TabularTranslator","mappings":[{"source":{"path":"$['definitions']"},"sink":{"name":"definitions","type":"String"}},{"source":{"path":"$['FilePath']"},"sink":{"name":"FilePath","type":"String"}},{"source":{"path":"$['Environment']"},"sink":{"name":"Environment","type":"String"}},{"source":{"path":"$['entities']"},"sink":{"name":"entities","type":"String"}},{"source":{"path":"$['definitions'][0]['entityName']"},"sink":{"name":"EntityName","type":"String"}},{"source":{"path":"$['DataPath']"},"sink":{"name":"DataPath","type":"String"}},{"source":{"path":"$['ObjectType']"},"sink":{"name":"ObjectType","type":"String"}},{"source":{"path":"$['Resolved']"},"sink":{"name":"Resolved","type":"Int32"}}],"collectionReference":"","mapComplexValuesToString":true}},"inputs":[{"referenceName":"CDMUtil_CDM_File_Dataset","type":"DatasetReference","parameters":{"Container":{"value":"@pipeline().parameters.container","type":"Expression"},"StorageAccount":{"value":"@pipeline().parameters.StorageAccount","type":"Expression"}}}],"outputs":[{"referenceName":"CDMUtil_Metadata_File_Dataset","type":"DatasetReference","parameters":{"container":{"value":"@pipeline().parameters.container","type":"Expression"},"folder":{"value":"@pipeline().parameters.Environment","type":"Expression"},"StorageAccount":{"value":"@pipeline().parameters.StorageAccount","type":"Expression"}}}]}]}}],"policy":{"elapsedTimeMetric":{},"cancelAfter":{}},"parameters":{"StorageAccount":{"type":"string","defaultValue":"https://ReplaceMe.dfs.core.windows.net/"},"container":{"type":"string","defaultValue":"dynamics365-financeandoperations"},"Environment":{"type":"string","defaultValue":"ReplaceMe.sandbox.operations.dynamics.com"},"DDLType":{"type":"string","defaultValue":"SynapseExternalTable"},"ParserVersion":{"type":"string","defaultValue":"2.0"},"DbServer":{"type":"string","defaultValue":"SynapseWorkspaceName-ondemand.sql.azuresynapse.net"},"DbName":{"type":"string","defaultValue":"MyDatabase"},"Schema":{"type":"string","defaultValue":"dbo"},"ObjectTypes":{"type":"string","defaultValue":"Tables,Entities"}},"folder":{"name":"CDMUtil"},"annotations":[],"lastPublishTime":"2023-02-05T17:39:38Z"},"dependsOn":["[concat(variables('workspaceId'), '/datasets/CDMUtil_Metadata_File_Dataset')]","[concat(variables('workspaceId'), '/datasets/CDMUtil_SQLTable_Dataset')]","[concat(variables('workspaceId'), '/datasets/CDMUtil_CDM_File_Dataset')]"]},{"name":"[concat(parameters('workspaceName'), '/CDMUtil_Metadata_File_Dataset')]","type":"Microsoft.Synapse/workspaces/datasets","apiVersion":"2019-06-01-preview","properties":{"linkedServiceName":{"referenceName":"[parameters('Source_DataLake_Linked_Service')]","type":"LinkedServiceReference","parameters":{"StorageAccount":{"value":"@dataset().StorageAccount","type":"Expression"}}},"parameters":{"container":{"type":"string"},"folder":{"type":"string"},"StorageAccount":{"type":"string"}},"annotations":[],"type":"Parquet","typeProperties":{"location":{"type":"AzureBlobFSLocation","fileName":"metadata.parquet","folderPath":{"value":"@dataset().folder","type":"Expression"},"fileSystem":{"value":"@dataset().container","type":"Expression"}},"compressionCodec":"snappy"},"schema":[]},"dependsOn":[]},{"name":"[concat(parameters('workspaceName'), '/CDMUtil_SQLTable_Dataset')]","type":"Microsoft.Synapse/workspaces/datasets","apiVersion":"2019-06-01-preview","properties":{"linkedServiceName":{"referenceName":"[parameters('Target_Database_LinkedService')]","type":"LinkedServiceReference","parameters":{"DBServer":{"value":"@dataset().DBServer","type":"Expression"},"DbName":{"value":"@dataset().DbName","type":"Expression"}}},"parameters":{"DBServer":{"type":"string"},"DbName":{"type":"string"},"TableName":{"type":"string"}},"annotations":[],"type":"AzureSqlTable","schema":[],"typeProperties":{"schema":"dbo","table":{"value":"@dataset().TableName","type":"Expression"}}},"dependsOn":[]},{"name":"[concat(parameters('workspaceName'), '/CDMUtil_CDM_File_Dataset')]","type":"Microsoft.Synapse/workspaces/datasets","apiVersion":"2019-06-01-preview","properties":{"description":"Source cdm.json files","linkedServiceName":{"referenceName":"[parameters('Source_DataLake_Linked_Service')]","type":"LinkedServiceReference","parameters":{"StorageAccount":{"value":"@dataset().StorageAccount","type":"Expression"}}},"parameters":{"Container":{"type":"string","defaultValue":"dynamics365-financeandoperations"},"StorageAccount":{"type":"string"}},"annotations":[],"type":"Json","typeProperties":{"location":{"type":"AzureBlobFSLocation","fileSystem":{"value":"@dataset().Container","type":"Expression"}}},"schema":{"type":"object","properties":{"jsonSchemaSemanticVersion":{"type":"string"},"imports":{"type":"array","items":{"type":"object","properties":{"corpusPath":{"type":"string"},"moniker":{"type":"string"}}}},"definitions":{"type":"array","items":{"type":"object","properties":{"entityName":{"type":"string"},"exhibitsTraits":{"type":"array","items":{"type":"object","properties":{"traitReference":{"type":"string"},"arguments":{"type":"array","items":{"type":"object","properties":{"name":{"type":"string"},"value":{"type":"string"}}}}}}},"attributeContext":{"type":"object","properties":{"type":{"type":"string"},"name":{"type":"string"},"definition":{"type":"string"},"contents":{"type":"array","items":{"type":"object","properties":{"type":{"type":"string"},"name":{"type":"string"},"parent":{"type":"string"},"definition":{"type":"string"},"contents":{"type":"array","items":{"type":"string"}}}}}}},"hasAttributes":{"type":"array","items":{"type":"object","properties":{"name":{"type":"string"},"appliedTraits":{"type":"array","items":{"type":"string"}},"attributeContext":{"type":"string"},"dataFormat":{"type":"string"},"description":{"type":"string"}}}},"displayName":{"type":"string"},"description":{"type":"string"},"version":{"type":"string"}}}}}}},"dependsOn":[]}]}